Workbook
Name Slicer_Designation: #REF!
Name Slicer_Designation1: #REF!
Name Slicer_Department: #REF!
Name Slicer_TDS_Rate: #REF!
Name Slicer_Department1: #REF!
Name Slicer_Employee_ID: #REF!
Name Slicer_Pay_Month: #REF!

Sheet Raw_Data
A2: Employee ID | B2: Department | C2: Designation | D2: Basic Pay | E2: Allowances | F2: Overtime Amount | G2: Deductions | H2: Gross Salary | I2: Net Salary | J2: Pay Month | K2: Experience | L2: Destination
A3: EMP0001 | B3: Sales | C3: Associate | D3: 18180.08 | E3: 5454.02 | F3: 1000.01 | G3: 1217.4 | H3: 24634.11 | I3: 23416.71 | J3: 45992 | K3: 14 | L3: Delhi-North
A4: EMP0002 | B4: HR | C4: Sr. Manager | D4: 84257.36 | E4: 25277.21 | F4: 9190.23 | G4: 14926 | H4: 118724.8 | I4: 103798.8 | J4: 45658 | K4: 2 | L4: Bangalore-South
A5: EMP0003 | B5: HR | C5: Associate | D5: 19574.19 | E5: 5872.26 | F5: 1978.38 | G5: 155.83 | H5: 27424.83 | I5: 27269 | J5: 45748 | K5: 4 | L5: Chennai-South
A6: EMP0004 | B6: Sales | C6: Sr. Manager | D6: 83234.45 | E6: 24970.33 | F6: 6983.7 | G6: 11216.9 | H6: 115188.48 | I6: 103971.58 | J6: 45778 | K6: 17 | L6: Kolkata-East
A7: EMP0005 | B7: Customer Support | C7: Director | D7: 90233.96 | E7: 27070.19 | F7: 14542.45 | G7: 18898.76 | H7: 131846.6 | I7: 112947.84 | J7: 45809 | K7: 23 | L7: Pune-West
A8: EMP0006 | B8: IT | C8: Executive | D8: 23894.76 | E8: 7168.43 | F8: 3648.7 | G8: 732.69 | H8: 34711.89 | I8: 33979.2 | J8: 45839 | K8: 2 | L8: Hyderabad-South
A9: EMP0007 | B9: HR | C9: Analyst | D9: 33474.94 | E9: 10042.48 | F9: 4041.94 | G9: 8105.57 | H9: 47559.36 | I9: 39453.79 | J9: 45992 | K9: 25 | L9: Chandigarh-North
A10: EMP0008 | B10: Marketing | C10: Manager | D10: 47246.87 | E10: 14174.06 | F10: 8715.11 | G10: 1116.92 | H10: 46129.95 | I10: 51129.95 | J10: 45778 | K10: 18 | L10: Ahmedabad-West
A11: EMP0009 | B11: Customer Support | C11: Sr. Manager | D11: 81081.51 | E11: 24324.45 | F11: 13973.7 | G11: 14043.78 | H11: 119379.66 | I11: 105335.88 | J11: 45992 | K11: 4 | L11: Jaipur-North
A12: EMP0010 | B12: HR | C12: Associate | D12: 22761.1 | E12: 6828.33 | F12: 3519.18 | G12: 6727.42 | H12: 33108.61 | I12: 26381.19 | J12: 45748 | K12: 18 | L12: Mumbai-HO
A13: EMP0011 | B13: Customer Support | C13: Associate | D13: 20736.91 | E13: 6221.07 | F13: 1880.47 | G13: 5189.06 | H13: 28838.45 | I13: 23649.39 | J13: 45717 | K13: 18 | L13: Delhi-North
A14: EMP0012 | B14: IT | C14: Analyst | D14: 27095.07 | E14: 8128.52 | F14: 1446.76 | G14: 7613.62 | H14: 36670.35 | I14: 29056.73 | J14: 45962 | K14: 14 | L14: Bangalore-South
... A22: EMP0020 | B22: Operations | C22: Team Lead | D22: 36272.73 | E22: 10881.82 | F22: 341.81 | G22: 1193.18 | H22: 47496.36 | I22: 46303.18 | J22: 45962 | K22: 9 | L22: Mumbai-HO
A23: EMP0021 | B23: Finance | C23: Director | D23: 114497.32 | E23: 34349.2 | F23: 13657.45 | G23: 13216.45 | H23: 162503.97 | I23: 149287.52 | J23: 10/01/2025 | K23: 21 | L23: Delhi-North
A24: EMP0022 | B24: Marketing | C24: Manager | D24: 49525.45 | E24: 14857.63 | F24: 5479.75 | G24: 14002.29 | H24: 69862.83 | I24: 55860.54 | J24: 45962 | K24: 10 | L24: Bangalore-South
A25: EMP0023 | B25: Sales | C25: Associate | D25: 22908.31 | E25: 6872.49 | F25: 2460.22 | H25: 32241.02 | I25: 30407.27 | J25: 45962 | K25: 11 | L25: Chennai-South
A26: EMP0024 | B26: IT | C26: Associate | D26: 20113.2 | E26: 6033.96 | F26: 636.21 | G26: 19.58 | H26: 26783.37 | I26: 26763.79 | J26: 01-12-2025 | K26: 15 | L26: Kolkata-East
A27: EMP0025 | B27: Sales | C27: Analyst | D27: 34718.88 | E27: 10415.66 | F27: 5290.89 | G27: 5287.84 | H27: 50425.43 | I27: 45137.59 | J27: 45689 | K27: 19 | L27: Pune-West
A28: EMP0026 | B28: Customer Support | C28: Sr. Manager | D28: 72759.56 | E28: 21827.87 | F28: 9297.94 | G28: 13292.52 | H28: 103885.37 | I28: 90592.85 | J28: 45717 | K28: 12 | L28: Hyderabad-South
A29: EMP0027 | B29: IT | C29: Director | D29: 95815.77 | E29: 28744.73 | F29: 18272.06 | G29: 26515.12 | H29: 142832.56 | I29: 116317.44 | J29: 45658 | K29: 12 | L29: Chandigarh-North
A30: EMP0028 | B30: Operations | C30: Analyst | D30: 29886.06 | E30: 8965.82 | F30: 668.66 | G30: 3254.42 | H30: 39520.54 | I30: 36266.12 | J30: 45778 | K30: 13 | L30: Ahmedabad-West
A31: EMP0029 | B31: Finance | C31: Associate | D31: 19734.28 | E31: 5920.28 | F31: 2239.28 | G31: 466.26 | H31: 27893.84 | I31: 27427.58 | J31: 45992 | K31: 9 | L31: Jaipur-North
A32: EMP0030 | B32: Marketing | C32: Director | D32: 92491.65 | E32: 27747.49 | F32: 14069.87 | G32: 21249.99 | H32: 134309.01 | I32: 113059.02 | J32: 45717 | K32: 13 | L32: Mumbai-HO
A33: EMP0031 | B33: Sales | C33: Team Lead | D33: 48255.88 | E33: 14476.76 | F33: 1593.67 | G33: 7639.01 | H33: 64326.31 | I33: 56687.3 | J33: 45931 | K33: 17 | L33: Delhi-North
A34: EMP0032 | B34: Marketing | C34: Executive | D34: 30174.44 | E34: 9052.33 | F34: 4557.94 | G34: 6244.91 | H34: 43784.71 | I34: 37539.8 | J34: 45992 | K34: 5 | L34: Bangalore-South
A35: EMP0033 | B35: IT | C35: Team Lead | D35: 48932.09 | E35: 14679.63 | F35: 6359.98 | G35: 6431.15 | H35: 69971.7 | I35: 63540.55 | J35: 45901 | K35: 20 | L35: Chennai-South
A36: EMP0034 | B36: Marketing | C36: Associate | D36: 19784.92 | E36: 5935.48 | F36: 253.35 | G36: 124.85 | H36: 25973.75 | I36: 25848.9 | J36: 45901 | K36: 3 | L36: Kolkata-East
A37: EMP0035 | B37: Finance | C37: Manager | D37: 48963.91 | E37: 14689.17 | F37: 695.22 | G37: 9270.38 | H37: 64348.3 | I37: 55077.92 | J37: 45748 | K37: 8 | L37: Pune-West
A38: EMP0037 | B38: Marketing | C38: Executive | D38: 26745.26 | E38: 8023.58 | F38: 3869.25 | G38: 7079.87 | H38: 38638.09 | I38: 31558.22 | J38: 45931 | K38: 25 | L38: Chandigarh-North
... A41: EMP0040 | B41: Sales | C41: Sr. Manager | D41: 90588.3 | E41: 27176.49 | F41: 1783.1 | G41: 10941.83 | H41: 119547.89 | I41: 108606.06 | J41: 45809 | K41: 12 | L41: Mumbai-HO
A42: EMP0041 | B42: Customer Support | C42: Director | D42: 93933.69 | E42: 28180.11 | F42: 3599.35 | H42: 125713.15 | I42: 110600.56 | J42: 45717 | K42: 6 | L42: Delhi-North
A43: EMP0042 | B43: Marketing | C43: Executive | D43: 24451.2 | E43: 7335.36 | F43: 1221.61 | G43: 6772.49 | H43: 33008.17 | I43: 26235.68 | J43: 45870 | K43: 14 | L43: Bangalore-South
A44: EMP0043 | B44: Customer Support | C44: Director | D44: 120814.81 | E44: 36244.44 | F44: 2365.76 | G44: 23636.63 | H44: 159425.01 | I44: 135788.38 | J44: 45901 | K44: 5 | L44: Chennai-South
A45: EMP0044 | B45: Customer Support | C45: Associate | D45: 24976.77 | E45: 7493.03 | F45: 4627.53 | G45: 6359.3 | H45: 37097.33 | I45: 30738.03 | J45: 45717 | K45: 14 | L45: Kolkata-East
A46: EMP0045 | B46: Marketing | C46: Team Lead | D46: 41739.02 | E46: 12521.71 | F46: 7217.93 | G46: 11300.12 | H46: 61478.66 | I46: 50178.54 | J46: 45717 | K46: 10 | L46: Pune-West
A47: EMP0046 | B47: Marketing | C47: Associate | D47: 25094.22 | E47: 7528.27 | F47: 1331.01 | G47: 5902.69 | H47: 33953.5 | I47: 28050.81 | J47: 45870 | K47: 12 | L47: Hyderabad-South
A48: EMP0047 | B48: IT | C48: Team Lead | D48: 44752.28 | E48: 13425.68 | F48: 6538.36 | G48: 10517.16 | H48: 64716.32 | I48: 54199.16 | J48: Nov 2025 | K48: 13 | L48: Chandigarh-North
A49: EMP0048 | B49: Sales | C49: Team Lead | D49: 37167.16 | E49: 11150.15 | F49: 2205.56 | G49: 10801.25 | H49: 50522.87 | I49: 39721.62 | J49: 45931 | K49: 21 | L49: Ahmedabad-West
A50: EMP0049 | B50: Sales | C50: Manager | D50: 46097.24 | E50: 13829.17 | F50: 2891.26 | G50: 693.43 | H50: 62817.67 | I50: 62124.24 | J50: 45870 | K50: 16 | L50: Jaipur-North
A51: EMP0050 | B51: Operations | C51: Director | D51: 109120.54 | E51: 32736.16 | F51: 1241.35 | G51: 16624.36 | H51: 143098.05 | I51: 126473.69 | J51: 45717 | K51: 13 | L51: Mumbai-HO
A52: EMP0051 | B52: HR | C52: Manager | D52: 46223.3 | E52: 13866.99 | F52: 7967.23 | G52: 5599.15 | H52: 68057.52 | I52: 62458.37 | J52: 45931 | K52: 19 | L52: Delhi-North
A53: EMP0052 | B53: Finance | C53: Manager | D53: 55701.34 | E53: 16710.4 | F53: 6900.08 | G53: 7005.42 | H53: 79311.82 | I53: 72306.4 | J53: 45931 | K53: 25 | L53: Bangalore-South
A54: EMP0053 | B54: Operations | C54: Manager | D54: 50694.66 | E54: 15208.4 | F54: 2643.89 | G54: 10185.46 | H54: 68546.95 | I54: 58361.49 | J54: 45809 | K54: 12 | L54: Chennai-South
A55: EMP0054 | C55: Analyst | D55: 28957.86 | E55: 8687.36 | F55: 3890.14 | G55: 2606.18 | H55: 41535.36 | I55: 38929.18 | J55: 45809 | K55: 5 | L55: Kolkata-East
A56: EMP0055 | B56: Customer Support | C56: Associate | E56: 5420.12 | F56: 2244.51 | G56: 3051.49 | H56: 25731.7 | I56: 22680.21 | J56: 45689 | K56: 2 | L56: Pune-West
A57: EMP0056 | B57: HR | C57: Manager | D57: 48836.78 | E57: 14651.03 | F57: 2590.31 | G57: 13673.21 | H57: 66078.12 | I57: 52404.91 | J57: 45689 | K57: 24 | L57: Hyderabad-South
A58: EMP0057 | B58: Finance | C58: Analyst | D58: 27849.87 | E58: 8354.96 | F58: 2440.68 | G58: 4538.56 | H58: 38645.51 | I58: 34106.95 | J58: 45778 | K58: 16 | L58: Chandigarh-North
A59: EMP0058 | B59: Operations | C59: Director | D59: 113543.15 | E59: 34062.94 | F59: 177.65 | G59: 27832.97 | H59: 147783.74 | I59: 119950.77 | J59: 45778 | K59: 6 | L59: Ahmedabad-West
A60: EMP0059 | B60: Sales | C60: Associate | D60: 24760.3 | E60: 7428.09 | F60: 665.02 | G60: 857.41 | H60: 32853.41 | I60: 31996 | J60: 45689 | K60: 25 | L60: Jaipur-North
A61: EMP0060 | B61: Sales | C61: Manager | D61: 47798.06 | E61: 14339.42 | F61: 2693.48 | G61: 3020.31 | H61: 64830.96 | I61: 61810.65 | J61: 45809 | K61: 18 | L61: Mumbai-HO
A62: EMP0061 | B62: Finance | C62: Sr. Manager | D62: 81490.19 | E62: 24447.06 | F62: 4302.42 | G62: 11943.17 | H62: 110239.67 | I62: 98296.5 | J62: 45658 | K62: 11 | L62: Delhi-North
A63: EMP0062 | B63: HR | C63: Sr. Manager | D63: 76012.97 | E63: 22803.89 | F63: 4206.26 | G63: 80.86 | H63: 103023.12 | I63: 102942.26 | J63: 45717 | K63: 4 | L63: Bangalore-South
A64: EMP0063 | B64: Sales | C64: Analyst | D64: 26615.82 | E64: 7984.75 | F64: 2351.96 | G64: 5634.58 | H64: 36952.53 | I64: 31317.95 | J64: 45901 | K64: 24 | L64: Chennai-South
A65: EMP0064 | B65: HR | C65: Associate | D65: 18541.76 | E65: 5562.53 | F65: 3274.87 | G65: 5028.13 | H65: 27379.16 | I65: 22351.03 | J65: 45901 | K65: 22 | L65: Kolkata-East
A66: EMP0065 | B66: HR | C66: Director | D66: 103291.78 | E66: 30987.53 | F66: 11414.26 | G66: 13318.03 | H66: 145693.57 | I66: 132375.54 | J66: 45658 | K66: 7 | L66: Pune-West
A67: EMP0066 | B67: IT | C67: Analyst | D67: 33989.81 | E67: 10196.94 | F67: 5412.01 | G67: 8776.54 | H67: 49598.76 | I67: 40822.22 | J67: 45809 | K67: 20 | L67: Hyderabad-South
A68: EMP0067 | B68: Finance | C68: Sr. Manager | D68: 71487.77 | E68: 21446.33 | F68: 1469.7 | G68: 16730.63 | H68: 94403.8 | I68: 77673.17 | J68: 45839 | K68: 24 | L68: Chandigarh-North
... A74: EMP0073 | B74: Finance | C74: Team Lead | D74: 39595.67 | E74: 11878.7 | F74: 6844.93 | G74: 11485.39 | H74: 58319.3 | I74: 46833.91 | J74: 45778 | K74: 23 | L74: Chennai-South
A75: EMP0074 | B75: IT | C75: Sr. Manager | E75: 23473.37 | F75: 10633.72 | G75: 19803.57 | H75: 112351.64 | I75: 92548.07 | J75: 45809 | K75: 11 | L75: Kolkata-East
A76: EMP0075 | B76: HR | C76: Associate | D76: 24314.68 | E76: 7294.4 | F76: 1270.27 | G76: 4235.06 | H76: 32879.35 | I76: 28644.29 | J76: 45778 | K76: 14 | L76: Pune-West
A77: EMP0076 | B77: HR | C77: Associate | D77: 22295.31 | E77: 6688.59 | F77: 1541.44 | G77: 5260.1 | H77: 30525.34 | I77: 25265.24 | J77: 45839 | K77: 6 | L77: Hyderabad-South
A78: EMP0077 | B78: Operations | C78: Manager | D78: 47081.62 | E78: 14124.49 | F78: 8470.03 | G78: 2684.76 | H78: 69676.14 | I78: 66991.38 | J78: 45658 | K78: 8 | L78: Chandigarh-North
A79: EMP0078 | B79: Sales | C79: Team Lead | D79: 35023.68 | E79: 10507.1 | F79: 6483.41 | G79: 5657.57 | H79: 52014.19 | I79: 46356.62 | J79: 45992 | K79: 24 | L79: Ahmedabad-West
A80: EMP0079 | B80: Sales | C80: Sr. Manager | D80: 82436.34 | E80: 24730.9 | F80: 6005.02 | G80: 1730.52 | H80: 113172.26 | I80: 111441.74 | J80: 45962 | K80: 20 | L80: Jaipur-North
A81: EMP0080 | B81: IT | C81: Manager | D81: 50650.48 | E81: 15195.14 | F81: 8590.48 | G81: 10936.77 | H81: 74436.1 | I81: 63499.33 | J81: 45778 | K81: 12 | L81: Mumbai-HO
A82: EMP0081 | B82: Operations | C82: Analyst | D82: 31668.93 | E82: 9500.68 | F82: 2065.97 | G82: 6623.95 | H82: 43235.58 | I82: 36611.63 | J82: 45901 | K82: 18 | L82: Delhi-North
A83: EMP0082 | B83: Finance | C83: Executive | D83: 25699.93 | E83: 7709.98 | F83: 4833.46 | G83: 5222.11 | H83: 38243.37 | I83: 33021.26 | J83: 45717 | K83: 20 | L83: Bangalore-South
A84: EMP0083 | B84: Operations | C84: Manager | D84: 50417.1 | E84: 15125.13 | F84: 5525.08 | G84: 6.14 | H84: 71067.31 | I84: 71061.17 | J84: 45778 | K84: 19 | L84: Chennai-South
A85: EMP0084 | B85: Finance | C85: Team Lead | D85: 46000.62 | E85: 13800.19 | F85: 5581.36 | G85: 4447.1 | H85: 65382.17 | I85: 60935.07 | J85: 08/01/2025 | K85: 6 | L85: Kolkata-East
A86: EMP0085 | B86: Marketing | C86: Sr. Manager | D86: 70556.24 | E86: 21166.87 | F86: 6677.25 | G86: 19075.18 | H86: 98400.36 | I86: 79325.18 | J86: 45992 | K86: 9 | L86: Pune-West
A87: EMP0086 | B87: Finance | C87: Sr. Manager | D87: 67204.68 | E87: 20161.4 | F87: 6928.16 | G87: 12760.98 | H87: 94294.24 | I87: 81533.26 | J87: 45809 | K87: 8 | L87: Hyderabad-South
A88: EMP0087 | B88: HR | C88: Director | D88: 124271.99 | E88: 37281.6 | F88: 5837.52 | G88: 11572.93 | H88: 167391.11 | I88: 155818.18 | J88: 45748 | K88: 18 | L88: Chandigarh-North
A89: EMP0088 | B89: Finance | C89: Associate | D89: 18332.74 | E89: 5499.82 | F89: 3607.65 | G89: 3361.9 | H89: 27440.21 | I89: 24078.31 | J89: 45689 | K89: 6 | L89: Ahmedabad-West
A90: EMP0089 | B90: Marketing | C90: Team Lead | D90: 47405.92 | E90: 14221.78 | F90: 5458.04 | G90: 10216.15 | H90: 67085.74 | I90: 56869.59 | J90: 45839 | K90: 25 | L90: Jaipur-North
A91: EMP0090 | B91: Marketing | C91: Team Lead | D91: 38415.78 | E91: 11524.73 | F91: 5040.6 | G91: 63.9 | H91: 54981.11 | I91: 54917.21 | J91: 45689 | K91: 19 | L91: Mumbai-HO
A92: EMP0091 | B92: Customer Support | C92: Team Lead | D92: 38063.78 | E92: 11419.13 | F92: 6121.49 | G92: 7946.71 | H92: 55604.4 | I92: 47657.69 | J92: 45870 | K92: 8 | L92: Delhi-North
A93: EMP0092 | B93: HR | C93: Manager | D93: 49485.57 | E93: 14845.67 | F93: 8396.08 | G93: 6776.48 | H93: 72727.32 | I93: 65950.84 | J93: 45870 | K93: 4 | L93: Bangalore-South
A94: EMP0093 | B94: Sales | C94: Manager | D94: 62782.06 | E94: 18834.62 | F94: 7476.74 | G94: 17893.63 | H94: 89093.42 | I94: 71199.79 | J94: 45870 | K94: 21 | L94: Chennai-South
A95: EMP0094 | B95: Operations | C95: Director | D95: 115893.86 | E95: 34768.16 | F95: 11700.14 | G95: 28877.36 | H95: 162362.16 | I95: 133484.8 | J95: 45901 | K95: 12 | L95: Kolkata-East
A96: EMP0095 | B96: Marketing | C96: Executive | D96: 28544.17 | E96: 8563.25 | F96: 2709.84 | G96: 2219.52 | H96: 39817.26 | I96: 37597.74 | J96: 2025/04/01 | K96: 4 | L96: Pune-West
A97: EMP0096 | B97: Customer Support | C97: Sr. Manager | D97: 72210.1 | E97: 21663.03 | F97: 11231.2 | G97: 10497.84 | H97: 105104.33 | I97: 94606.49 | J97: 45748 | K97: 19 | L97: Hyderabad-South
A98: EMP0097 | B98: IT | C98: Team Lead | D98: 36084.77 | E98: 10825.43 | F98: 2062.09 | G98: 2941.43 | H98: 48972.29 | I98: 46030.86 | J98: 45809 | K98: 16 | L98: Chandigarh-North
A99: EMP0099 | B99: Finance | C99: Associate | D99: 20987.05 | E99: 6296.11 | F99: 1388.84 | G99: 2933.51 | H99: 28672 | I99: 25738.49 | J99: 45658 | K99: 12 | L99: Jaipur-North
A100: EMP0100 | B100: Finance | C100: Director | D100: 105125.17 | E100: 31537.55 | F100: 19024.26 | G100: 18420.43 | H100: 155686.98 | I100: 137266.55 | J100: 45992 | K100: 3 | L100: Mumbai-HO
A101: EMP0101 | B101: HR | C101: Director | D101: 121703.64 | E101: 36511.09 | F101: 14012.72 | G101: 17415.05 | H101: 172227.45 | I101: 154812.4 | J101: 45809 | K101: 20 | L101: Delhi-North
A102: EMP0102 | B102: IT | C102: Director | D102: 104039.52 | E102: 31211.86 | F102: 18553.19 | G102: 26084.64 | H102: 153804.57 | I102: 127719.93 | J102: 45901 | K102: 16 | L102: Bangalore-South
A103: EMP0103 | B103: Sales | C103: Sr. Manager | D103: 79199.44 | E103: 23759.83 | F103: 9555.45 | G103: 5239.96 | H103: 112514.72 | I103: 107274.76 | J103: 01-04-2025 | K103: 13 | L103: Chennai-South
A104: EMP0104 | B104: IT | C104: Team Lead | D104: 41798.99 | E104: 12539.7 | F104: 3250.77 | G104: 8387.47 | H104: 57589.46 | I104: 49201.99 | J104: 45839 | K104: 24 | L104: Kolkata-East
A105: EMP0105 | B105: Sales | C105: Executive | D105: 29396.45 | E105: 8818.93 | F105: 5406.25 | G105: 8648.92 | H105: 43621.63 | I105: 34972.71 | J105: 45901 | K105: 15 | L105: Pune-West
A106: EMP0106 | B106: HR | C106: Team Lead | D106: 43286.5 | E106: 12985.95 | F106: 5739.79 | G106: 1090.14 | H106: 62012.24 | I106: 60922.1 | J106: 45839 | K106: 17 | L106: Hyderabad-South
A107: EMP0107 | B107: Finance | C107: Director | D107: 106621.14 | E107: 31986.34 | F107: 1072.28 | G107: 12126.15 | H107: 139679.76 | I107: 127553.61 | J107: 45748 | K107: 15 | L107: Chandigarh-North
A108: EMP0108 | B108: Marketing | C108: Analyst | D108: 28375.01 | E108: 8512.5 | F108: 4991.96 | G108: 2368.66 | H108: 41879.47 | I108: 39510.81 | J108: 45839 | K108: 22 | L108: Ahmedabad-West
A109: EMP0109 | B109: IT | C109: Director | D109: 92948.62 | E109: 27884.59 | F109: 360.33 | G109: 15041.48 | H109: 121193.54 | I109: 106152.06 | J109: 45809 | K109: 21 | L109: Jaipur-North
A110: EMP0110 | B110: Finance | C110: Sr. Manager | D110: 66784.08 | E110: 20035.22 | F110: 12786.29 | G110: 806.58 | H110: 99605.59 | I110: 98799.01 | J110: 45658 | K110: 6 | L110: Mumbai-HO
A111: EMP0111 | B111: Finance | C111: Executive | D111: 29385.21 | E111: 8815.56 | F111: 3651.62 | G111: 2102.91 | H111: 41852.39 | I111: 39749.48 | J111: 45870 | K111: 6 | L111: Delhi-North
A112: EMP0113 | B112: Finance | C112: Manager | D112: 55930.45 | E112: 16779.13 | F112: 8366.36 | G112: 1921.76 | H112: 81075.94 | I112: 79154.18 | J112: 45717 | K112: 21 | L112: Chennai-South
A113: EMP0114 | B113: IT | C113: Associate | D113: 22166.53 | E113: 6649.96 | F113: 4118.04 | G113: 3829.02 | H113: 32934.53 | I113: 29105.51 | J113: 45839 | K113: 5 | L113: Kolkata-East
A114: EMP0115 | B114: Marketing | C114: Sr. Manager | D114: 70156.57 | E114: 21046.97 | F114: 8307.91 | G114: 17481.02 | H114: 99511.45 | I114: 82030.43 | J114: 45748 | K114: 3 | L114: Pune-West
A115: EMP0116 | B115: HR | C115: Sr. Manager | D115: 85084.5 | E115: 25525.35 | F115: 14469.36 | G115: 15325.72 | H115: 125079.21 | I115: 109753.49 | J115: 45689 | K115: 1 | L115: Hyderabad-South
...

Sheet Clean_Data
A2: Employee ID | B2: Department | C2: Designation | D2: Basic Pay | E2: Allowances | F2: Overtime Amount | G2: Deductions | H2: Gross Salary | I2: Net Salary | J2: Pay Month | K2: Experience | L2: Destination | M2: Duplicate_Flag | N2: Validation
A3: =Raw_Data!A3 -> EMP0001 | B3: =TRIM(CLEAN(Raw_Data!B3)) -> Sales | C3: Associate | D3: =IF(ISBLANK(Raw_Data!D3),AVERAGE(Raw_Data!D$2:D$5002),Raw_Data!D3) -> 18180.08 | E3: =IF(ISBLANK(Raw_Data!E3),AVERAGE(Raw_Data!E$2:E$5002),Raw_Data!E3) -> 5454.02 | F3: =IF(ISBLANK(Raw_Data!F3),AVERAGE(Raw_Data!F$2:F$5002),Raw_Data!F3) -> 1000.01 | G3: =IF(ISBLANK(Raw_Data!G3),AVERAGE(Raw_Data!G$2:G$5002),Raw_Data!G3) -> 1217.40 | H3: =ROUND(D3+E3+F3,0) -> 24634.00 | I3: =+ROUND(H3-G3,0) -> 23417.00 | J3: =TEXT(Raw_Data!J3,"MMM-YYY") -> Dec-2025 | K3: =Raw_Data!K3 -> 14 | L3: =Raw_Data!L3 -> Delhi-North | M3: =IF(COUNTIF($A$3:A3,A3)>1,"Duplicate","OK") -> OK | N3: =IF(AND( H3=ROUND(D3+E3+F3,0), I3=ROUND(H3-G3,0), I3>=0 ),"VALID","ERROR") -> VALID
A4: =Raw_Data!A4 -> EMP0002 | B4: =TRIM(CLEAN(Raw_Data!B4)) -> HR | C4: Sr. Manager | D4: =IF(ISBLANK(Raw_Data!D4),AVERAGE(Raw_Data!D$2:D$5002),Raw_Data!D4) -> 84257.36 | E4: =IF(ISBLANK(Raw_Data!E4),AVERAGE(Raw_Data!E$2:E$5002),Raw_Data!E4) -> 25277.21 | F4: =IF(ISBLANK(Raw_Data!F4),AVERAGE(Raw_Data!F$2:F$5002),Raw_Data!F4) -> 9190.23 | G4: =IF(ISBLANK(Raw_Data!G4),AVERAGE(Raw_Data!G$2:G$5002),Raw_Data!G4) -> 14926.00 | H4: =ROUND(D4+E4+F4,0) -> 118725.00 | I4: =+ROUND(H4-G4,0) -> 103799.00 | J4: =TEXT(Raw_Data!J4,"MMM-YYY") -> Jan-2025 | K4: =Raw_Data!K4 -> 2 | L4: =Raw_Data!L4 -> Bangalore-South | M4: =IF(COUNTIF($A$3:A4,A4)>1,"Duplicate","OK") -> OK | N4: =IF(AND( H4=ROUND(D4+E4+F4,0), I4=ROUND(H4-G4,0), I4>=0 ),"VALID","ERROR") -> VALID
A5: =Raw_Data!A5 -> EMP0003 | B5: =TRIM(CLEAN(Raw_Data!B5)) -> HR | C5: Associate | D5: =IF(ISBLANK(Raw_Data!D5),AVERAGE(Raw_Data!D$2:D$5002),Raw_Data!D5) -> 19574.19 | E5: =IF(ISBLANK(Raw_Data!E5),AVERAGE(Raw_Data!E$2:E$5002),Raw_Data!E5) -> 5872.26 | F5: =IF(ISBLANK(Raw_Data!F5),AVERAGE(Raw_Data!F$2:F$5002),Raw_Data!F5) -> 1978.38 | G5: =IF(ISBLANK(Raw_Data!G5),AVERAGE(Raw_Data!G$2:G$5002),Raw_Data!G5) -> 155.83 | H5: =ROUND(D5+E5+F5,0) -> 27425.00 | I5: =+ROUND(H5-G5,0) -> 27269.00 | J5: =TEXT(Raw_Data!J5,"MMM-YYY") -> Apr-2025 | K5: =Raw_Data!K5 -> 4 | L5: =Raw_Data!L5 -> Chennai-South | M5: =IF(COUNTIF($A$3:A5,A5)>1,"Duplicate","OK") -> OK | N5: =IF(AND( H5=ROUND(D5+E5+F5,0), I5=ROUND(H5-G5,0), I5>=0 ),"VALID","ERROR") -> VALID
A6: =Raw_Data!A6 -> EMP0004 | B6: =TRIM(CLEAN(Raw_Data!B6)) -> Sales | C6: Sr. Manager | D6: =IF(ISBLANK(Raw_Data!D6),AVERAGE(Raw_Data!D$2:D$5002),Raw_Data!D6) -> 83234.45 | E6: =IF(ISBLANK(Raw_Data!E6),AVERAGE(Raw_Data!E$2:E$5002),Raw_Data!E6) -> 24970.33 | F6: =IF(ISBLANK(Raw_Data!F6),AVERAGE(Raw_Data!F$2:F$5002),Raw_Data!F6) -> 6983.70 | G6: =IF(ISBLANK(Raw_Data!G6),AVERAGE(Raw_Data!G$2:G$5002),Raw_Data!G6) -> 11216.90 | H6: =ROUND(D6+E6+F6,0) -> 115188.00 | I6: =+ROUND(H6-G6,0) -> 103971.00 | J6: =TEXT(Raw_Data!J6,"MMM-YYY") -> May-2025 | K6: =Raw_Data!K6 -> 17 | L6: =Raw_Data!L6 -> Kolkata-East | M6: =IF(COUNTIF($A$3:A6,A6)>1,"Duplicate","OK") -> OK | N6: =IF(AND( H6=ROUND(D6+E6+F6,0), I6=ROUND(H6-G6,0), I6>=0 ),"VALID","ERROR") -> VALID
A7: =Raw_Data!A7 -> EMP0005 | B7: =TRIM(CLEAN(Raw_Data!B7)) -> Customer Support | C7: Director | D7: =IF(ISBLANK(Raw_Data!D7),AVERAGE(Raw_Data!D$2:D$5002),Raw_Data!D7) -> 90233.96 | E7: =IF(ISBLANK(Raw_Data!E7),AVERAGE(Raw_Data!E$2:E$5002),Raw_Data!E7) -> 27070.19 | F7: =IF(ISBLANK(Raw_Data!F7),AVERAGE(Raw_Data!F$2:F$5002),Raw_Data!F7) -> 14542.45 | G7: =IF(ISBLANK(Raw_Data!G7),AVERAGE(Raw_Data!G$2:G$5002),Raw_Data!G7) -> 18898.76 | H7: =ROUND(D7+E7+F7,0) -> 131847.00 | I7: =+ROUND(H7-G7,0) -> 112948.00 | J7: =TEXT(Raw_Data!J7,"MMM-YYY") -> Jun-2025 | K7: =Raw_Data!K7 -> 23 | L7: =Raw_Data!L7 -> Pune-West | M7: =IF(COUNTIF($A$3:A7,A7)>1,"Duplicate","OK") -> OK | N7: =IF(AND( H7=ROUND(D7+E7+F7,0), I7=ROUND(H7-G7,0), I7>=0 ),"VALID","ERROR") -> VALID
A8: =Raw_Data!A8 -> EMP0006 | B8: =TRIM(CLEAN(Raw_Data!B8)) -> IT | C8: Executive | D8: =IF(ISBLANK(Raw_Data!D8),AVERAGE(Raw_Data!D$2:D$5002),Raw_Data!D8) -> 23894.76 | E8: =IF(ISBLANK(Raw_Data!E8),AVERAGE(Raw_Data!E$2:E$5002),Raw_Data!E8) -> 7168.43 | F8: =IF(ISBLANK(Raw_Data!F8),AVERAGE(Raw_Data!F$2:F$5002),Raw_Data!F8) -> 3648.70 | G8: =IF(ISBLANK(Raw_Data!G8),AVERAGE(Raw_Data!G$2:G$5002),Raw_Data!G8) -> 732.69 | H8: =ROUND(D8+E8+F8,0) -> 34712.00 | I8: =+ROUND(H8-G8,0) -> 33979.00 | J8: =TEXT(Raw_Data!J8,"MMM-YYY") -> Jul-2025 | K8: =Raw_Data!K8 -> 2 | L8: =Raw_Data!L8 -> Hyderabad-South | M8: =IF(COUNTIF($A$3:A8,A8)>1,"Duplicate","OK") -> OK | N8: =IF(AND( H8=ROUND(D8+E8+F8,0), I8=ROUND(H8-G8,0), I8>=0 ),"VALID","ERROR") -> VALID
A9: =Raw_Data!A9 -> EMP0007 | B9: =TRIM(CLEAN(Raw_Data!B9)) -> HR | C9: Analyst | D9: =IF(ISBLANK(Raw_Data!D9),AVERAGE(Raw_Data!D$2:D$5002),Raw_Data!D9) -> 33474.94 | E9: =IF(ISBLANK(Raw_Data!E9),AVERAGE(Raw_Data!E$2:E$5002),Raw_Data!E9) -> 10042.48 | F9: =IF(ISBLANK(Raw_Data!F9),AVERAGE(Raw_Data!F$2:F$5002),Raw_Data!F9) -> 4041.94 | G9: =IF(ISBLANK(Raw_Data!G9),AVERAGE(Raw_Data!G$2:G$5002),Raw_Data!G9) -> 8105.57 | H9: =ROUND(D9+E9+F9,0) -> 47559.00 | I9: =+ROUND(H9-G9,0) -> 39453.00 | J9: =TEXT(Raw_Data!J9,"MMM-YYY") -> Dec-2025 | K9: =Raw_Data!K9 -> 25 | L9: =Raw_Data!L9 -> Chandigarh-North | M9: =IF(COUNTIF($A$3:A9,A9)>1,"Duplicate","OK") -> OK | N9: =IF(AND( H9=ROUND(D9+E9+F9,0), I9=ROUND(H9-G9,0), I9>=0 ),"VALID","ERROR") -> VALID
A10: =Raw_Data!A10 -> EMP0008 | B10: =TRIM(CLEAN(Raw_Data!B10)) -> Marketing | C10: Manager | D10: =IF(ISBLANK(Raw_Data!D10),AVERAGE(Raw_Data!D$2:D$5002),Raw_Data!D10) -> 47246.87 | E10: =IF(ISBLANK(Raw_Data!E10),AVERAGE(Raw_Data!E$2:E$5002),Raw_Data!E10) -> 14174.06 | F10: =IF(ISBLANK(Raw_Data!F10),AVERAGE(Raw_Data!F$2:F$5002),Raw_Data!F10) -> 8715.11 | G10: =IF(ISBLANK(Raw_Data!G10),AVERAGE(Raw_Data!G$2:G$5002),Raw_Data!G10) -> 1116.92 | H10: =ROUND(D10+E10+F10,0) -> 70136.00 | I10: =+ROUND(H10-G10,0) -> 69019.00 | J10: =TEXT(Raw_Data!J10,"MMM-YYY") -> May-2025 | K10: =Raw_Data!K10 -> 18 | L10: =Raw_Data!L10 -> Ahmedabad-West | M10: =IF(COUNTIF($A$3:A10,A10)>1,"Duplicate","OK") -> OK | N10: =IF(AND( H10=ROUND(D10+E10+F10,0), I10=ROUND(H10-G10,0), I10>=0 ),"VALID","ERROR") -> VALID
A11: =Raw_Data!A11 -> EMP0009 | B11: =TRIM(CLEAN(Raw_Data!B11)) -> Customer Support | C11: Sr. Manager | D11: =IF(ISBLANK(Raw_Data!D11),AVERAGE(Raw_Data!D$2:D$5002),Raw_Data!D11) -> 81081.51 | E11: =IF(ISBLANK(Raw_Data!E11),AVERAGE(Raw_Data!E$2:E$5002),Raw_Data!E11) -> 24324.45 | F11: =IF(ISBLANK(Raw_Data!F11),AVERAGE(Raw_Data!F$2:F$5002),Raw_Data!F11) -> 13973.70 | G11: =IF(ISBLANK(Raw_Data!G11),AVERAGE(Raw_Data!G$2:G$5002),Raw_Data!G11) -> 14043.78 | H11: =ROUND(D11+E11+F11,0) -> 119380.00 | I11: =+ROUND(H11-G11,0) -> 105336.00 | J11: =TEXT(Raw_Data!J11,"MMM-YYY") -> Dec-2025 | K11: =Raw_Data!K11 -> 4 | L11: =Raw_Data!L11 -> Jaipur-North | M11: =IF(COUNTIF($A$3:A11,A11)>1,"Duplicate","OK") -> OK | N11: =IF(AND( H11=ROUND(D11+E11+F11,0), I11=ROUND(H11-G11,0), I11>=0 ),"VALID","ERROR") -> VALID
A12: =Raw_Data!A12 -> EMP0010 | B12: =TRIM(CLEAN(Raw_Data!B12)) -> HR | C12: Associate | D12: =IF(ISBLANK(Raw_Data!D12),AVERAGE(Raw_Data!D$2:D$5002),Raw_Data!D12) -> 22761.10 | E12: =IF(ISBLANK(Raw_Data!E12),AVERAGE(Raw_Data!E$2:E$5002),Raw_Data!E12) -> 6828.33 | F12: =IF(ISBLANK(Raw_Data!F12),AVERAGE(Raw_Data!F$2:F$5002),Raw_Data!F12) -> 3519.18 | G12: =IF(ISBLANK(Raw_Data!G12),AVERAGE(Raw_Data!G$2:G$5002),Raw_Data!G12) -> 6727.42 | H12: =ROUND(D12+E12+F12,0) -> 33109.00 | I12: =+ROUND(H12-G12,0) -> 26382.00 | J12: =TEXT(Raw_Data!J12,"MMM-YYY") -> Apr-2025 | K12: =Raw_Data!K12 -> 18 | L12: =Raw_Data!L12 -> Mumbai-HO | M12: =IF(COUNTIF($A$3:A12,A12)>1,"Duplicate","OK") -> OK | N12: =IF(AND( H12=ROUND(D12+E12+F12,0), I12=ROUND(H12-G12,0), I12>=0 ),"VALID","ERROR") -> VALID
A13: =Raw_Data!A13 -> EMP0011 | B13: =TRIM(CLEAN(Raw_Data!B13)) -> Customer Support | C13: Associate | D13: =IF(ISBLANK(Raw_Data!D13),AVERAGE(Raw_Data!D$2:D$5002),Raw_Data!D13) -> 20736.91 | E13: =IF(ISBLANK(Raw_Data!E13),AVERAGE(Raw_Data!E$2:E$5002),Raw_Data!E13) -> 6221.07 | F13: =IF(ISBLANK(Raw_Data!F13),AVERAGE(Raw_Data!F$2:F$5002),Raw_Data!F13) -> 1880.47 | G13: =IF(ISBLANK(Raw_Data!G13),AVERAGE(Raw_Data!G$2:G$5002),Raw_Data!G13) -> 5189.06 | H13: =ROUND(D13+E13+F13,0) -> 28838.00 | I13: =+ROUND(H13-G13,0) -> 23649.00 | J13: =TEXT(Raw_Data!J13,"MMM-YYY") -> Mar-2025 | K13: =Raw_Data!K13 -> 18 | L13: =Raw_Data!L13 -> Delhi-North | M13: =IF(COUNTIF($A$3:A13,A13)>1,"Duplicate","OK") -> OK | N13: =IF(AND( H13=ROUND(D13+E13+F13,0), I13=ROUND(H13-G13,0), I13>=0 ),"VALID","ERROR") -> VALID
A14: =Raw_Data!A14 -> EMP0012 | B14: =TRIM(CLEAN(Raw_Data!B14)) -> IT | C14: Analyst | D14: =IF(ISBLANK(Raw_Data!D14),AVERAGE(Raw_Data!D$2:D$5002),Raw_Data!D14) -> 27095.07 | E14: =IF(ISBLANK(Raw_Data!E14),AVERAGE(Raw_Data!E$2:E$5002),Raw_Data!E14) -> 8128.52 | F14: =IF(ISBLANK(Raw_Data!F14),AVERAGE(Raw_Data!F$2:F$5002),Raw_Data!F14) -> 1446.76 | G14: =IF(ISBLANK(Raw_Data!G14),AVERAGE(Raw_Data!G$2:G$5002),Raw_Data!G14) -> 7613.62 | H14: =ROUND(D14+E14+F14,0) -> 36670.00 | I14: =+ROUND(H14-G14,0) -> 29056.00 | J14: =TEXT(Raw_Data!J14,"MMM-YYY") -> Nov-2025 | K14: =Raw_Data!K14 -> 14 | L14: =Raw_Data!L14 -> Bangalore-South | M14: =IF(COUNTIF($A$3:A14,A14)>1,"Duplicate","OK") -> OK | N14: =IF(AND( H14=ROUND(D14+E14+F14,0), I14=ROUND(H14-G14,0), I14>=0 ),"VALID","ERROR") -> VALID
... A54: =Raw_Data!A54 -> EMP0053 | B54: =TRIM(CLEAN(Raw_Data!B54)) -> Operations | C54: Manager | D54: =IF(ISBLANK(Raw_Data!D54),AVERAGE(Raw_Data!D$2:D$5002),Raw_Data!D54) -> 50694.66 | E54: =IF(ISBLANK(Raw_Data!E54),AVERAGE(Raw_Data!E$2:E$5002),Raw_Data!E54) -> 15208.40 | F54: =IF(ISBLANK(Raw_Data!F54),AVERAGE(Raw_Data!F$2:F$5002),Raw_Data!F54) -> 2643.89 | G54: =IF(ISBLANK(Raw_Data!G54),AVERAGE(Raw_Data!G$2:G$5002),Raw_Data!G54) -> 10185.46 | H54: =ROUND(D54+E54+F54,0) -> 68547.00 | I54: =+ROUND(H54-G54,0) -> 58362.00 | J54: =TEXT(Raw_Data!J54,"MMM-YYY") -> Jun-2025 | K54: =Raw_Data!K54 -> 12 | L54: =Raw_Data!L54 -> Chennai-South | M54: =IF(COUNTIF($A$3:A54,A54)>1,"Duplicate","OK") -> OK | N54: =IF(AND( H54=ROUND(D54+E54+F54,0), I54=ROUND(H54-G54,0), I54>=0 ),"VALID","ERROR") -> VALID
A55: =Raw_Data!A55 -> EMP0054 | B55: Finance | C55: Analyst | D55: =IF(ISBLANK(Raw_Data!D55),AVERAGE(Raw_Data!D$2:D$5002),Raw_Data!D55) -> 28957.86 | E55: =IF(ISBLANK(Raw_Data!E55),AVERAGE(Raw_Data!E$2:E$5002),Raw_Data!E55) -> 8687.36 | F55: =IF(ISBLANK(Raw_Data!F55),AVERAGE(Raw_Data!F$2:F$5002),Raw_Data!F55) -> 3890.14 | G55: =IF(ISBLANK(Raw_Data!G55),AVERAGE(Raw_Data!G$2:G$5002),Raw_Data!G55) -> 2606.18 | H55: =ROUND(D55+E55+F55,0) -> 41535.00 | I55: =+ROUND(H55-G55,0) -> 38929.00 | J55: =TEXT(Raw_Data!J55,"MMM-YYY") -> Jun-2025 | K55: =Raw_Data!K55 -> 5 | L55: =Raw_Data!L55 -> Kolkata-East | M55: =IF(COUNTIF($A$3:A55,A55)>1,"Duplicate","OK") -> OK | N55: =IF(AND( H55=ROUND(D55+E55+F55,0), I55=ROUND(H55-G55,0), I55>=0 ),"VALID","ERROR") -> VALID
A56: =Raw_Data!A56 -> EMP0055 | B56: =TRIM(CLEAN(Raw_Data!B56)) -> Customer Support | C56: Associate | D56: =IF(ISBLANK(Raw_Data!D56),AVERAGE(Raw_Data!D$2:D$5002),Raw_Data!D56) -> 71831.17 | E56: =IF(ISBLANK(Raw_Data!E56),AVERAGE(Raw_Data!E$2:E$5002),Raw_Data!E56) -> 5420.12 | F56: =IF(ISBLANK(Raw_Data!F56),AVERAGE(Raw_Data!F$2:F$5002),Raw_Data!F56) -> 2244.51 | G56: =IF(ISBLANK(Raw_Data!G56),AVERAGE(Raw_Data!G$2:G$5002),Raw_Data!G56) -> 3051.49 | H56: =ROUND(D56+E56+F56,0) -> 79496.00 | I56: =+ROUND(H56-G56,0) -> 76445.00 | J56: =TEXT(Raw_Data!J56,"MMM-YYY") -> Feb-2025 | K56: =Raw_Data!K56 -> 2 | L56: =Raw_Data!L56 -> Pune-West | M56: =IF(COUNTIF($A$3:A56,A56)>1,"Duplicate","OK") -> OK | N56: =IF(AND( H56=ROUND(D56+E56+F56,0), I56=ROUND(H56-G56,0), I56>=0 ),"VALID","ERROR") -> VALID
A57: =Raw_Data!A57 -> EMP0056 | B57: =TRIM(CLEAN(Raw_Data!B57)) -> HR | C57: Manager | D57: =IF(ISBLANK(Raw_Data!D57),AVERAGE(Raw_Data!D$2:D$5002),Raw_Data!D57) -> 48836.78 | E57: =IF(ISBLANK(Raw_Data!E57),AVERAGE(Raw_Data!E$2:E$5002),Raw_Data!E57) -> 14651.03 | F57: =IF(ISBLANK(Raw_Data!F57),AVERAGE(Raw_Data!F$2:F$5002),Raw_Data!F57) -> 2590.31 | G57: =IF(ISBLANK(Raw_Data!G57),AVERAGE(Raw_Data!G$2:G$5002),Raw_Data!G57) -> 13673.21 | H57: =ROUND(D57+E57+F57,0) -> 66078.00 | I57: =+ROUND(H57-G57,0) -> 52405.00 | J57: =TEXT(Raw_Data!J57,"MMM-YYY") -> Feb-2025 | K57: =Raw_Data!K57 -> 24 | L57: =Raw_Data!L57 -> Hyderabad-South | M57: =IF(COUNTIF($A$3:A57,A57)>1,"Duplicate","OK") -> OK | N57: =IF(AND( H57=ROUND(D57+E57+F57,0), I57=ROUND(H57-G57,0), I57>=0 ),"VALID","ERROR") -> VALID
A58: =Raw_Data!A58 -> EMP0057 | B58: =TRIM(CLEAN(Raw_Data!B58)) -> Finance | C58: Analyst | D58: =IF(ISBLANK(Raw_Data!D58),AVERAGE(Raw_Data!D$2:D$5002),Raw_Data!D58) -> 27849.87 | E58: =IF(ISBLANK(Raw_Data!E58),AVERAGE(Raw_Data!E$2:E$5002),Raw_Data!E58) -> 8354.96 | F58: =IF(ISBLANK(Raw_Data!F58),AVERAGE(Raw_Data!F$2:F$5002),Raw_Data!F58) -> 2440.68 | G58: =IF(ISBLANK(Raw_Data!G58),AVERAGE(Raw_Data!G$2:G$5002),Raw_Data!G58) -> 4538.56 | H58: =ROUND(D58+E58+F58,0) -> 38646.00 | I58: =+ROUND(H58-G58,0) -> 34107.00 | J58: =TEXT(Raw_Data!J58,"MMM-YYY") -> May-2025 | K58: =Raw_Data!K58 -> 16 | L58: =Raw_Data!L58 -> Chandigarh-North | M58: =IF(COUNTIF($A$3:A58,A58)>1,"Duplicate","OK") -> OK | N58: =IF(AND( H58=ROUND(D58+E58+F58,0), I58=ROUND(H58-G58,0), I58>=0 ),"VALID","ERROR") -> VALID
A59: =Raw_Data!A59 -> EMP0058 | B59: =TRIM(CLEAN(Raw_Data!B59)) -> Operations | C59: Director | D59: =IF(ISBLANK(Raw_Data!D59),AVERAGE(Raw_Data!D$2:D$5002),Raw_Data!D59) -> 113543.15 | E59: =IF(ISBLANK(Raw_Data!E59),AVERAGE(Raw_Data!E$2:E$5002),Raw_Data!E59) -> 34062.94 | F59: =IF(ISBLANK(Raw_Data!F59),AVERAGE(Raw_Data!F$2:F$5002),Raw_Data!F59) -> 177.65 | G59: =IF(ISBLANK(Raw_Data!G59),AVERAGE(Raw_Data!G$2:G$5002),Raw_Data!G59) -> 27832.97 | H59: =ROUND(D59+E59+F59,0) -> 147784.00 | I59: =+ROUND(H59-G59,0) -> 119951.00 | J59: =TEXT(Raw_Data!J59,"MMM-YYY") -> May-2025 | K59: =Raw_Data!K59 -> 6 | L59: =Raw_Data!L59 -> Ahmedabad-West | M59: =IF(COUNTIF($A$3:A59,A59)>1,"Duplicate","OK") -> OK | N59: =IF(AND( H59=ROUND(D59+E59+F59,0), I59=ROUND(H59-G59,0), I59>=0 ),"VALID","ERROR") -> VALID
A60: =Raw_Data!A60 -> EMP0059 | B60: =TRIM(CLEAN(Raw_Data!B60)) -> Sales | C60: Associate | D60: =IF(ISBLANK(Raw_Data!D60),AVERAGE(Raw_Data!D$2:D$5002),Raw_Data!D60) -> 24760.30 | E60: =IF(ISBLANK(Raw_Data!E60),AVERAGE(Raw_Data!E$2:E$5002),Raw_Data!E60) -> 7428.09 | F60: =IF(ISBLANK(Raw_Data!F60),AVERAGE(Raw_Data!F$2:F$5002),Raw_Data!F60) -> 665.02 | G60: =IF(ISBLANK(Raw_Data!G60),AVERAGE(Raw_Data!G$2:G$5002),Raw_Data!G60) -> 857.41 | H60: =ROUND(D60+E60+F60,0) -> 32853.00 | I60: =+ROUND(H60-G60,0) -> 31996.00 | J60: =TEXT(Raw_Data!J60,"MMM-YYY") -> Feb-2025 | K60: =Raw_Data!K60 -> 25 | L60: =Raw_Data!L60 -> Jaipur-North | M60: =IF(COUNTIF($A$3:A60,A60)>1,"Duplicate","OK") -> OK | N60: =IF(AND( H60=ROUND(D60+E60+F60,0), I60=ROUND(H60-G60,0), I60>=0 ),"VALID","ERROR") -> VALID
A61: =Raw_Data!A61 -> EMP0060 | B61: =TRIM(CLEAN(Raw_Data!B61)) -> Sales | C61: Manager | D61: =IF(ISBLANK(Raw_Data!D61),AVERAGE(Raw_Data!D$2:D$5002),Raw_Data!D61) -> 47798.06 | E61: =IF(ISBLANK(Raw_Data!E61),AVERAGE(Raw_Data!E$2:E$5002),Raw_Data!E61) -> 14339.42 | F61: =IF(ISBLANK(Raw_Data!F61),AVERAGE(Raw_Data!F$2:F$5002),Raw_Data!F61) -> 2693.48 | G61: =IF(ISBLANK(Raw_Data!G61),AVERAGE(Raw_Data!G$2:G$5002),Raw_Data!G61) -> 3020.31 | H61: =ROUND(D61+E61+F61,0) -> 64831.00 | I61: =+ROUND(H61-G61,0) -> 61811.00 | J61: =TEXT(Raw_Data!J61,"MMM-YYY") -> Jun-2025 | K61: =Raw_Data!K61 -> 18 | L61: =Raw_Data!L61 -> Mumbai-HO | M61: =IF(COUNTIF($A$3:A61,A61)>1,"Duplicate","OK") -> OK | N61: =IF(AND( H61=ROUND(D61+E61+F61,0), I61=ROUND(H61-G61,0), I61>=0 ),"VALID","ERROR") -> VALID
A62: =Raw_Data!A62 -> EMP0061 | B62: =TRIM(CLEAN(Raw_Data!B62)) -> Finance | C62: Sr. Manager | D62: =IF(ISBLANK(Raw_Data!D62),AVERAGE(Raw_Data!D$2:D$5002),Raw_Data!D62) -> 81490.19 | E62: =IF(ISBLANK(Raw_Data!E62),AVERAGE(Raw_Data!E$2:E$5002),Raw_Data!E62) -> 24447.06 | F62: =IF(ISBLANK(Raw_Data!F62),AVERAGE(Raw_Data!F$2:F$5002),Raw_Data!F62) -> 4302.42 | G62: =IF(ISBLANK(Raw_Data!G62),AVERAGE(Raw_Data!G$2:G$5002),Raw_Data!G62) -> 11943.17 | H62: =ROUND(D62+E62+F62,0) -> 110240.00 | I62: =+ROUND(H62-G62,0) -> 98297.00 | J62: =TEXT(Raw_Data!J62,"MMM-YYY") -> Jan-2025 | K62: =Raw_Data!K62 -> 11 | L62: =Raw_Data!L62 -> Delhi-North | M62: =IF(COUNTIF($A$3:A62,A62)>1,"Duplicate","OK") -> OK | N62: =IF(AND( H62=ROUND(D62+E62+F62,0), I62=ROUND(H62-G62,0), I62>=0 ),"VALID","ERROR") -> VALID
A63: =Raw_Data!A63 -> EMP0062 | B63: =TRIM(CLEAN(Raw_Data!B63)) -> HR | C63: Sr. Manager | D63: =IF(ISBLANK(Raw_Data!D63),AVERAGE(Raw_Data!D$2:D$5002),Raw_Data!D63) -> 76012.97 | E63: =IF(ISBLANK(Raw_Data!E63),AVERAGE(Raw_Data!E$2:E$5002),Raw_Data!E63) -> 22803.89 | F63: =IF(ISBLANK(Raw_Data!F63),AVERAGE(Raw_Data!F$2:F$5002),Raw_Data!F63) -> 4206.26 | G63: =IF(ISBLANK(Raw_Data!G63),AVERAGE(Raw_Data!G$2:G$5002),Raw_Data!G63) -> 80.86 | H63: =ROUND(D63+E63+F63,0) -> 103023.00 | I63: =+ROUND(H63-G63,0) -> 102942.00 | J63: =TEXT(Raw_Data!J63,"MMM-YYY") -> Mar-2025 | K63: =Raw_Data!K63 -> 4 | L63: =Raw_Data!L63 -> Bangalore-South | M63: =IF(COUNTIF($A$3:A63,A63)>1,"Duplicate","OK") -> OK | N63: =IF(AND( H63=ROUND(D63+E63+F63,0), I63=ROUND(H63-G63,0), I63>=0 ),"VALID","ERROR") -> VALID
A64: =Raw_Data!A64 -> EMP0063 | B64: =TRIM(CLEAN(Raw_Data!B64)) -> Sales | C64: Analyst | D64: =IF(ISBLANK(Raw_Data!D64),AVERAGE(Raw_Data!D$2:D$5002),Raw_Data!D64) -> 26615.82 | E64: =IF(ISBLANK(Raw_Data!E64),AVERAGE(Raw_Data!E$2:E$5002),Raw_Data!E64) -> 7984.75 | F64: =IF(ISBLANK(Raw_Data!F64),AVERAGE(Raw_Data!F$2:F$5002),Raw_Data!F64) -> 2351.96 | G64: =IF(ISBLANK(Raw_Data!G64),AVERAGE(Raw_Data!G$2:G$5002),Raw_Data!G64) -> 5634.58 | H64: =ROUND(D64+E64+F64,0) -> 36953.00 | I64: =+ROUND(H64-G64,0) -> 31318.00 | J64: =TEXT(Raw_Data!J64,"MMM-YYY") -> Sep-2025 | K64: =Raw_Data!K64 -> 24 | L64: =Raw_Data!L64 -> Chennai-South | M64: =IF(COUNTIF($A$3:A64,A64)>1,"Duplicate","OK") -> OK | N64: =IF(AND( H64=ROUND(D64+E64+F64,0), I64=ROUND(H64-G64,0), I64>=0 ),"VALID","ERROR") -> VALID
A65: =Raw_Data!A65 -> EMP0064 | B65: =TRIM(CLEAN(Raw_Data!B65)) -> HR | C65: Associate | D65: =IF(ISBLANK(Raw_Data!D65),AVERAGE(Raw_Data!D$2:D$5002),Raw_Data!D65) -> 18541.76 | E65: =IF(ISBLANK(Raw_Data!E65),AVERAGE(Raw_Data!E$2:E$5002),Raw_Data!E65) -> 5562.53 | F65: =IF(ISBLANK(Raw_Data!F65),AVERAGE(Raw_Data!F$2:F$5002),Raw_Data!F65) -> 3274.87 | G65: =IF(ISBLANK(Raw_Data!G65),AVERAGE(Raw_Data!G$2:G$5002),Raw_Data!G65) -> 5028.13 | H65: =ROUND(D65+E65+F65,0) -> 27379.00 | I65: =+ROUND(H65-G65,0) -> 22351.00 | J65: =TEXT(Raw_Data!J65,"MMM-YYY") -> Sep-2025 | K65: =Raw_Data!K65 -> 22 | L65: =Raw_Data!L65 -> Kolkata-East | M65: =IF(COUNTIF($A$3:A65,A65)>1,"Duplicate","OK") -> OK | N65: =IF(AND( H65=ROUND(D65+E65+F65,0), I65=ROUND(H65-G65,0), I65>=0 ),"VALID","ERROR") -> VALID
A66: =Raw_Data!A66 -> EMP0065 | B66: =TRIM(CLEAN(Raw_Data!B66)) -> HR | C66: Director | D66: =IF(ISBLANK(Raw_Data!D66),AVERAGE(Raw_Data!D$2:D$5002),Raw_Data!D66) -> 103291.78 | E66: =IF(ISBLANK(Raw_Data!E66),AVERAGE(Raw_Data!E$2:E$5002),Raw_Data!E66) -> 30987.53 | F66: =IF(ISBLANK(Raw_Data!F66),AVERAGE(Raw_Data!F$2:F$5002),Raw_Data!F66) -> 11414.26 | G66: =IF(ISBLANK(Raw_Data!G66),AVERAGE(Raw_Data!G$2:G$5002),Raw_Data!G66) -> 13318.03 | H66: =ROUND(D66+E66+F66,0) -> 145694.00 | I66: =+ROUND(H66-G66,0) -> 132376.00 | J66: =TEXT(Raw_Data!J66,"MMM-YYY") -> Jan-2025 | K66: =Raw_Data!K66 -> 7 | L66: =Raw_Data!L66 -> Pune-West | M66: =IF(COUNTIF($A$3:A66,A66)>1,"Duplicate","OK") -> OK | N66: =IF(AND( H66=ROUND(D66+E66+F66,0), I66=ROUND(H66-G66,0), I66>=0 ),"VALID","ERROR") -> VALID
A67: =Raw_Data!A67 -> EMP0066 | B67: =TRIM(CLEAN(Raw_Data!B67)) -> IT | C67: Analyst | D67: =IF(ISBLANK(Raw_Data!D67),AVERAGE(Raw_Data!D$2:D$5002),Raw_Data!D67) -> 33989.81 | E67: =IF(ISBLANK(Raw_Data!E67),AVERAGE(Raw_Data!E$2:E$5002),Raw_Data!E67) -> 10196.94 | F67: =IF(ISBLANK(Raw_Data!F67),AVERAGE(Raw_Data!F$2:F$5002),Raw_Data!F67) -> 5412.01 | G67: =IF(ISBLANK(Raw_Data!G67),AVERAGE(Raw_Data!G$2:G$5002),Raw_Data!G67) -> 8776.54 | H67: =ROUND(D67+E67+F67,0) -> 49599.00 | I67: =+ROUND(H67-G67,0) -> 40822.00 | J67: =TEXT(Raw_Data!J67,"MMM-YYY") -> Jun-2025 | K67: =Raw_Data!K67 -> 20 | L67: =Raw_Data!L67 -> Hyderabad-South | M67: =IF(COUNTIF($A$3:A67,A67)>1,"Duplicate","OK") -> OK | N67: =IF(AND( H67=ROUND(D67+E67+F67,0), I67=ROUND(H67-G67,0), I67>=0 ),"VALID","ERROR") -> VALID
... A123: =Raw_Data!A123 -> EMP0124 | B123: =TRIM(CLEAN(Raw_Data!B123)) -> Marketing | C123: Director | D123: =IF(ISBLANK(Raw_Data!D123),AVERAGE(Raw_Data!D$2:D$5002),Raw_Data!D123) -> 101700.51 | E123: =IF(ISBLANK(Raw_Data!E123),AVERAGE(Raw_Data!E$2:E$5002),Raw_Data!E123) -> 30510.15 | F123: =IF(ISBLANK(Raw_Data!F123),AVERAGE(Raw_Data!F$2:F$5002),Raw_Data!F123) -> 9916.82 | G123: =IF(ISBLANK(Raw_Data!G123),AVERAGE(Raw_Data!G$2:G$5002),Raw_Data!G123) -> 10825.76 | H123: =ROUND(D123+E123+F123,0) -> 142127.00 | I123: =+ROUND(H123-G123,0) -> 131301.00 | J123: =TEXT(Raw_Data!J123,"MMM-YYY") -> May-2025 | K123: =Raw_Data!K123 -> 1 | L123: =Raw_Data!L123 -> Kolkata-East | M123: =IF(COUNTIF($A$3:A123,A123)>1,"Duplicate","OK") -> OK | N123: =IF(AND( H123=ROUND(D123+E123+F123,0), I123=ROUND(H123-G123,0), I123>=0 ),"VALID","ERROR") -> VALID
A124: =Raw_Data!A124 -> EMP0125 | B124: Customer Support | C124: Analyst | D124: =IF(ISBLANK(Raw_Data!D124),AVERAGE(Raw_Data!D$2:D$5002),Raw_Data!D124) -> 33803.20 | E124: =IF(ISBLANK(Raw_Data!E124),AVERAGE(Raw_Data!E$2:E$5002),Raw_Data!E124) -> 10140.96 | F124: =IF(ISBLANK(Raw_Data!F124),AVERAGE(Raw_Data!F$2:F$5002),Raw_Data!F124) -> 4740.45 | G124: =IF(ISBLANK(Raw_Data!G124),AVERAGE(Raw_Data!G$2:G$5002),Raw_Data!G124) -> 2801.63 | H124: =ROUND(D124+E124+F124,0) -> 48685.00 | I124: =+ROUND(H124-G124,0) -> 45883.00 | J124: =TEXT(Raw_Data!J124,"MMM-YYY") -> Jan-2025 | K124: =Raw_Data!K124 -> 21 | L124: =Raw_Data!L124 -> Pune-West | M124: =IF(COUNTIF($A$3:A124,A124)>1,"Duplicate","OK") -> OK | N124: =IF(AND( H124=ROUND(D124+E124+F124,0), I124=ROUND(H124-G124,0), I124>=0 ),"VALID","ERROR") -> VALID
A125: =Raw_Data!A125 -> EMP0126 | B125: =TRIM(CLEAN(Raw_Data!B125)) -> Operations | C125: Executive | D125: =IF(ISBLANK(Raw_Data!D125),AVERAGE(Raw_Data!D$2:D$5002),Raw_Data!D125) -> 22753.39 | E125: =IF(ISBLANK(Raw_Data!E125),AVERAGE(Raw_Data!E$2:E$5002),Raw_Data!E125) -> 6826.02 | F125: =IF(ISBLANK(Raw_Data!F125),AVERAGE(Raw_Data!F$2:F$5002),Raw_Data!F125) -> 3276.83 | G125: =IF(ISBLANK(Raw_Data!G125),AVERAGE(Raw_Data!G$2:G$5002),Raw_Data!G125) -> 3335.04 | H125: =ROUND(D125+E125+F125,0) -> 32856.00 | I125: =+ROUND(H125-G125,0) -> 29521.00 | J125: =TEXT(Raw_Data!J125,"MMM-YYY") -> Apr-2025 | K125: =Raw_Data!K125 -> 15 | L125: =Raw_Data!L125 -> Hyderabad-South | M125: =IF(COUNTIF($A$3:A125,A125)>1,"Duplicate","OK") -> OK | N125: =IF(AND( H125=ROUND(D125+E125+F125,0), I125=ROUND(H125-G125,0), I125>=0 ),"VALID","ERROR") -> VALID
A126: =Raw_Data!A126 -> EMP0127 | B126: =TRIM(CLEAN(Raw_Data!B126)) -> Sales | C126: Team Lead | D126: =IF(ISBLANK(Raw_Data!D126),AVERAGE(Raw_Data!D$2:D$5002),Raw_Data!D126) -> 44042.64 | E126: =IF(ISBLANK(Raw_Data!E126),AVERAGE(Raw_Data!E$2:E$5002),Raw_Data!E126) -> 13212.79 | F126: =IF(ISBLANK(Raw_Data!F126),AVERAGE(Raw_Data!F$2:F$5002),Raw_Data!F126) -> 4323.41 | G126: =IF(ISBLANK(Raw_Data!G126),AVERAGE(Raw_Data!G$2:G$5002),Raw_Data!G126) -> 10476.86 | H126: =ROUND(D126+E126+F126,0) -> 61579.00 | I126: =+ROUND(H126-G126,0) -> 51102.00 | J126: =TEXT(Raw_Data!J126,"MMM-YYY") -> Feb-2025 | K126: =Raw_Data!K126 -> 21 | L126: =Raw_Data!L126 -> Chandigarh-North | M126: =IF(COUNTIF($A$3:A126,A126)>1,"Duplicate","OK") -> OK | N126: =IF(AND( H126=ROUND(D126+E126+F126,0), I126=ROUND(H126-G126,0), I126>=0 ),"VALID","ERROR") -> VALID
A127: =Raw_Data!A127 -> EMP0128 | B127: =TRIM(CLEAN(Raw_Data!B127)) -> IT | C127: Executive | D127: =IF(ISBLANK(Raw_Data!D127),AVERAGE(Raw_Data!D$2:D$5002),Raw_Data!D127) -> 25558.73 | E127: =IF(ISBLANK(Raw_Data!E127),AVERAGE(Raw_Data!E$2:E$5002),Raw_Data!E127) -> 7667.62 | F127: =IF(ISBLANK(Raw_Data!F127),AVERAGE(Raw_Data!F$2:F$5002),Raw_Data!F127) -> 1243.71 | G127: =IF(ISBLANK(Raw_Data!G127),AVERAGE(Raw_Data!G$2:G$5002),Raw_Data!G127) -> 5090.99 | H127: =ROUND(D127+E127+F127,0) -> 34470.00 | I127: =+ROUND(H127-G127,0) -> 29379.00 | J127: =TEXT(Raw_Data!J127,"MMM-YYY") -> Jun-2025 | K127: =Raw_Data!K127 -> 22 | L127: =Raw_Data!L127 -> Ahmedabad-West | M127: =IF(COUNTIF($A$3:A127,A127)>1,"Duplicate","OK") -> OK | N127: =IF(AND( H127=ROUND(D127+E127+F127,0), I127=ROUND(H127-G127,0), I127>=0 ),"VALID","ERROR") -> VALID
A128: =Raw_Data!A128 -> EMP0129 | B128: =TRIM(CLEAN(Raw_Data!B128)) -> Marketing | C128: Manager | D128: =IF(ISBLANK(Raw_Data!D128),AVERAGE(Raw_Data!D$2:D$5002),Raw_Data!D128) -> 54556.59 | E128: =IF(ISBLANK(Raw_Data!E128),AVERAGE(Raw_Data!E$2:E$5002),Raw_Data!E128) -> 16366.98 | F128: =IF(ISBLANK(Raw_Data!F128),AVERAGE(Raw_Data!F$2:F$5002),Raw_Data!F128) -> 4642.81 | G128: =IF(ISBLANK(Raw_Data!G128),AVERAGE(Raw_Data!G$2:G$5002),Raw_Data!G128) -> 12208.71 | H128: =ROUND(D128+E128+F128,0) -> 75566.00 | I128: =+ROUND(H128-G128,0) -> 63357.00 | J128: =TEXT(Raw_Data!J128,"MMM-YYY") -> Jun-2025 | K128: =Raw_Data!K128 -> 14 | L128: =Raw_Data!L128 -> Jaipur-North | M128: =IF(COUNTIF($A$3:A128,A128)>1,"Duplicate","OK") -> OK | N128: =IF(AND( H128=ROUND(D128+E128+F128,0), I128=ROUND(H128-G128,0), I128>=0 ),"VALID","ERROR") -> VALID
A129: =Raw_Data!A129 -> EMP0130 | B129: =TRIM(CLEAN(Raw_Data!B129)) -> IT | C129: Sr. Manager | D129: =IF(ISBLANK(Raw_Data!D129),AVERAGE(Raw_Data!D$2:D$5002),Raw_Data!D129) -> 76797.38 | E129: =IF(ISBLANK(Raw_Data!E129),AVERAGE(Raw_Data!E$2:E$5002),Raw_Data!E129) -> 23039.21 | F129: =IF(ISBLANK(Raw_Data!F129),AVERAGE(Raw_Data!F$2:F$5002),Raw_Data!F129) -> 4709.57 | G129: =IF(ISBLANK(Raw_Data!G129),AVERAGE(Raw_Data!G$2:G$5002),Raw_Data!G129) -> 5311.42 | H129: =ROUND(D129+E129+F129,0) -> 104546.00 | I129: =+ROUND(H129-G129,0) -> 99235.00 | J129: =TEXT(Raw_Data!J129,"MMM-YYY") -> Dec-2025 | K129: =Raw_Data!K129 -> 8 | L129: =Raw_Data!L129 -> Mumbai-HO | M129: =IF(COUNTIF($A$3:A129,A129)>1,"Duplicate","OK") -> OK | N129: =IF(AND( H129=ROUND(D129+E129+F129,0), I129=ROUND(H129-G129,0), I129>=0 ),"VALID","ERROR") -> VALID
A130: =Raw_Data!A130 -> EMP0131 | B130: =TRIM(CLEAN(Raw_Data!B130)) -> Finance | C130: Analyst | D130: =IF(ISBLANK(Raw_Data!D130),AVERAGE(Raw_Data!D$2:D$5002),Raw_Data!D130) -> 26195.55 | E130: =IF(ISBLANK(Raw_Data!E130),AVERAGE(Raw_Data!E$2:E$5002),Raw_Data!E130) -> 7858.66 | F130: =IF(ISBLANK(Raw_Data!F130),AVERAGE(Raw_Data!F$2:F$5002),Raw_Data!F130) -> 2807.45 | G130: =IF(ISBLANK(Raw_Data!G130),AVERAGE(Raw_Data!G$2:G$5002),Raw_Data!G130) -> 5989.79 | H130: =ROUND(D130+E130+F130,0) -> 36862.00 | I130: =+ROUND(H130-G130,0) -> 30872.00 | J130: =TEXT(Raw_Data!J130,"MMM-YYY") -> Mar-2025 | K130: =Raw_Data!K130 -> 12 | L130: =Raw_Data!L130 -> Delhi-North | M130: =IF(COUNTIF($A$3:A130,A130)>1,"Duplicate","OK") -> OK | N130: =IF(AND( H130=ROUND(D130+E130+F130,0), I130=ROUND(H130-G130,0), I130>=0 ),"VALID","ERROR") -> VALID
A131: =Raw_Data!A131 -> EMP0132 | B131: =TRIM(CLEAN(Raw_Data!B131)) -> Finance | C131: Executive | D131: =IF(ISBLANK(Raw_Data!D131),AVERAGE(Raw_Data!D$2:D$5002),Raw_Data!D131) -> 28499.72 | E131: =IF(ISBLANK(Raw_Data!E131),AVERAGE(Raw_Data!E$2:E$5002),Raw_Data!E131) -> 8549.92 | F131: =IF(ISBLANK(Raw_Data!F131),AVERAGE(Raw_Data!F$2:F$5002),Raw_Data!F131) -> 1576.03 | G131: =IF(ISBLANK(Raw_Data!G131),AVERAGE(Raw_Data!G$2:G$5002),Raw_Data!G131) -> 5040.92 | H131: =ROUND(D131+E131+F131,0) -> 38626.00 | I131: =+ROUND(H131-G131,0) -> 33585.00 | J131: =TEXT(Raw_Data!J131,"MMM-YYY") -> Sep-2025 | K131: =Raw_Data!K131 -> 4 | L131: =Raw_Data!L131 -> Bangalore-South | M131: =IF(COUNTIF($A$3:A131,A131)>1,"Duplicate","OK") -> OK | N131: =IF(AND( H131=ROUND(D131+E131+F131,0), I131=ROUND(H131-G131,0), I131>=0 ),"VALID","ERROR") -> VALID
A132: =Raw_Data!A132 -> EMP0133 | B132: =TRIM(CLEAN(Raw_Data!B132)) -> Operations | C132: Analyst | D132: =IF(ISBLANK(Raw_Data!D132),AVERAGE(Raw_Data!D$2:D$5002),Raw_Data!D132) -> 34805.11 | E132: =IF(ISBLANK(Raw_Data!E132),AVERAGE(Raw_Data!E$2:E$5002),Raw_Data!E132) -> 10441.53 | F132: =IF(ISBLANK(Raw_Data!F132),AVERAGE(Raw_Data!F$2:F$5002),Raw_Data!F132) -> 5795.94 | G132: =IF(ISBLANK(Raw_Data!G132),AVERAGE(Raw_Data!G$2:G$5002),Raw_Data!G132) -> 3093.27 | H132: =ROUND(D132+E132+F132,0) -> 51043.00 | I132: =+ROUND(H132-G132,0) -> 47950.00 | J132: =TEXT(Raw_Data!J132,"MMM-YYY") -> Jun-2025 | K132: =Raw_Data!K132 -> 17 | L132: =Raw_Data!L132 -> Chennai-South | M132: =IF(COUNTIF($A$3:A132,A132)>1,"Duplicate","OK") -> OK | N132: =IF(AND( H132=ROUND(D132+E132+F132,0), I132=ROUND(H132-G132,0), I132>=0 ),"VALID","ERROR") -> VALID
A133: =Raw_Data!A133 -> EMP0134 | B133: =TRIM(CLEAN(Raw_Data!B133)) -> Finance | C133: Analyst | D133: =IF(ISBLANK(Raw_Data!D133),AVERAGE(Raw_Data!D$2:D$5002),Raw_Data!D133) -> 25141.48 | E133: =IF(ISBLANK(Raw_Data!E133),AVERAGE(Raw_Data!E$2:E$5002),Raw_Data!E133) -> 7542.44 | F133: =IF(ISBLANK(Raw_Data!F133),AVERAGE(Raw_Data!F$2:F$5002),Raw_Data!F133) -> 2685.79 | G133: =IF(ISBLANK(Raw_Data!G133),AVERAGE(Raw_Data!G$2:G$5002),Raw_Data!G133) -> 2068.98 | H133: =ROUND(D133+E133+F133,0) -> 35370.00 | I133: =+ROUND(H133-G133,0) -> 33301.00 | J133: =TEXT(Raw_Data!J133,"MMM-YYY") -> Jan-2025 | K133: =Raw_Data!K133 -> 6 | L133: =Raw_Data!L133 -> Kolkata-East | M133: =IF(COUNTIF($A$3:A133,A133)>1,"Duplicate","OK") -> OK | N133: =IF(AND( H133=ROUND(D133+E133+F133,0), I133=ROUND(H133-G133,0), I133>=0 ),"VALID","ERROR") -> VALID
A134: =Raw_Data!A134 -> EMP0135 | B134: =TRIM(CLEAN(Raw_Data!B134)) -> Operations | C134: Analyst | D134: =IF(ISBLANK(Raw_Data!D134),AVERAGE(Raw_Data!D$2:D$5002),Raw_Data!D134) -> 31974.17 | E134: =IF(ISBLANK(Raw_Data!E134),AVERAGE(Raw_Data!E$2:E$5002),Raw_Data!E134) -> 9592.25 | F134: =IF(ISBLANK(Raw_Data!F134),AVERAGE(Raw_Data!F$2:F$5002),Raw_Data!F134) -> 807.54 | G134: =IF(ISBLANK(Raw_Data!G134),AVERAGE(Raw_Data!G$2:G$5002),Raw_Data!G134) -> 8330.50 | H134: =ROUND(D134+E134+F134,0) -> 42374.00 | I134: =+ROUND(H134-G134,0) -> 34044.00 | J134: =TEXT(Raw_Data!J134,"MMM-YYY") -> Aug-2025 | K134: =Raw_Data!K134 -> 9 | L134: =Raw_Data!L134 -> Pune-West | M134: =IF(COUNTIF($A$3:A134,A134)>1,"Duplicate","OK") -> OK | N134: =IF(AND( H134=ROUND(D134+E134+F134,0), I134=ROUND(H134-G134,0), I134>=0 ),"VALID","ERROR") -> VALID
A135: =Raw_Data!A135 -> EMP0136 | B135: =TRIM(CLEAN(Raw_Data!B135)) -> HR | C135: Director | D135: =IF(ISBLANK(Raw_Data!D135),AVERAGE(Raw_Data!D$2:D$5002),Raw_Data!D135) -> 90441.55 | E135: =IF(ISBLANK(Raw_Data!E135),AVERAGE(Raw_Data!E$2:E$5002),Raw_Data!E135) -> 27132.47 | F135: =IF(ISBLANK(Raw_Data!F135),AVERAGE(Raw_Data!F$2:F$5002),Raw_Data!F135) -> 5143.22 | G135: =IF(ISBLANK(Raw_Data!G135),AVERAGE(Raw_Data!G$2:G$5002),Raw_Data!G135) -> 12988.70 | H135: =ROUND(D135+E135+F135,0) -> 122717.00 | I135: =+ROUND(H135-G135,0) -> 109728.00 | J135: =TEXT(Raw_Data!J135,"MMM-YYY") -> Jun-2025 | K135: =Raw_Data!K135 -> 11 | L135: =Raw_Data!L135 -> Hyderabad-South | M135: =IF(COUNTIF($A$3:A135,A135)>1,"Duplicate","OK") -> OK | N135: =IF(AND( H135=ROUND(D135+E135+F135,0), I135=ROUND(H135-G135,0), I135>=0 ),"VALID","ERROR") -> VALID
A136: =Raw_Data!A136 -> EMP0137 | B136: =TRIM(CLEAN(Raw_Data!B136)) -> Finance | C136: Associate | D136: =IF(ISBLANK(Raw_Data!D136),AVERAGE(Raw_Data!D$2:D$5002),Raw_Data!D136) -> 19817.84 | E136: =IF(ISBLANK(Raw_Data!E136),AVERAGE(Raw_Data!E$2:E$5002),Raw_Data!E136) -> 5945.35 | F136: =IF(ISBLANK(Raw_Data!F136),AVERAGE(Raw_Data!F$2:F$5002),Raw_Data!F136) -> 3415.50 | G136: =IF(ISBLANK(Raw_Data!G136),AVERAGE(Raw_Data!G$2:G$5002),Raw_Data!G136) -> 678.29 | H136: =ROUND(D136+E136+F136,0) -> 29179.00 | I136: =+ROUND(H136-G136,0) -> 28501.00 | J136: =TEXT(Raw_Data!J136,"MMM-YYY") -> Feb-2025 | K136: =Raw_Data!K136 -> 8 | L136: =Raw_Data!L136 -> Chandigarh-North | M136: =IF(COUNTIF($A$3:A136,A136)>1,"Duplicate","OK") -> OK | N136: =IF(AND( H136=ROUND(D136+E136+F136,0), I136=ROUND(H136-G136,0), I136>=0 ),"VALID","ERROR") -> VALID
... A238: =Raw_Data!A238 -> EMP0244 | B238: =TRIM(CLEAN(Raw_Data!B238)) -> HR | C238: Analyst | D238: =IF(ISBLANK(Raw_Data!D238),AVERAGE(Raw_Data!D$2:D$5002),Raw_Data!D238) -> 31782.18 | E238: =IF(ISBLANK(Raw_Data!E238),AVERAGE(Raw_Data!E$2:E$5002),Raw_Data!E238) -> 9534.65 | F238: =IF(ISBLANK(Raw_Data!F238),AVERAGE(Raw_Data!F$2:F$5002),Raw_Data!F238) -> 3770.22 | G238: =IF(ISBLANK(Raw_Data!G238),AVERAGE(Raw_Data!G$2:G$5002),Raw_Data!G238) -> 5024.13 | H238: =ROUND(D238+E238+F238,0) -> 45087.00 | I238: =+ROUND(H238-G238,0) -> 40063.00 | J238: =TEXT(Raw_Data!J238,"MMM-YYY") -> May-2025 | K238: =Raw_Data!K238 -> 3 | L238: =Raw_Data!L238 -> Kolkata-East | M238: =IF(COUNTIF($A$3:A238,A238)>1,"Duplicate","OK") -> OK | N238: =IF(AND( H238=ROUND(D238+E238+F238,0), I238=ROUND(H238-G238,0), I238>=0 ),"VALID","ERROR") -> VALID
A239: =Raw_Data!A239 -> EMP0245 | B239: Sales | C239: Executive | D239: =IF(ISBLANK(Raw_Data!D239),AVERAGE(Raw_Data!D$2:D$5002),Raw_Data!D239) -> 25478.32 | E239: =IF(ISBLANK(Raw_Data!E239),AVERAGE(Raw_Data!E$2:E$5002),Raw_Data!E239) -> 7643.50 | F239: =IF(ISBLANK(Raw_Data!F239),AVERAGE(Raw_Data!F$2:F$5002),Raw_Data!F239) -> 3053.96 | G239: =IF(ISBLANK(Raw_Data!G239),AVERAGE(Raw_Data!G$2:G$5002),Raw_Data!G239) -> 58.76 | H239: =ROUND(D239+E239+F239,0) -> 36176.00 | I239: =+ROUND(H239-G239,0) -> 36117.00 | J239: =TEXT(Raw_Data!J239,"MMM-YYY") -> May-2025 | K239: =Raw_Data!K239 -> 19 | L239: =Raw_Data!L239 -> Pune-West | M239: =IF(COUNTIF($A$3:A239,A239)>1,"Duplicate","OK") -> OK | N239: =IF(AND( H239=ROUND(D239+E239+F239,0), I239=ROUND(H239-G239,0), I239>=0 ),"VALID","ERROR") -> VALID
A240: =Raw_Data!A240 -> EMP0246 | B240: =TRIM(CLEAN(Raw_Data!B240)) -> Finance | C240: Director | D240: =IF(ISBLANK(Raw_Data!D240),AVERAGE(Raw_Data!D$2:D$5002),Raw_Data!D240) -> 94940.45 | E240: =IF(ISBLANK(Raw_Data!E240),AVERAGE(Raw_Data!E$2:E$5002),Raw_Data!E240) -> 28482.13 | F240: =IF(ISBLANK(Raw_Data!F240),AVERAGE(Raw_Data!F$2:F$5002),Raw_Data!F240) -> 4851.83 | G240: =IF(ISBLANK(Raw_Data!G240),AVERAGE(Raw_Data!G$2:G$5002),Raw_Data!G240) -> 9345.63 | H240: =ROUND(D240+E240+F240,0) -> 128274.00 | I240: =+ROUND(H240-G240,0) -> 118928.00 | J240: =TEXT(Raw_Data!J240,"MMM-YYY") -> Jan-2025 | K240: =Raw_Data!K240 -> 22 | L240: =Raw_Data!L240 -> Hyderabad-South | M240: =IF(COUNTIF($A$3:A240,A240)>1,"Duplicate","OK") -> OK | N240: =IF(AND( H240=ROUND(D240+E240+F240,0), I240=ROUND(H240-G240,0), I240>=0 ),"VALID","ERROR") -> VALID
A241: =Raw_Data!A241 -> EMP0247 | B241: =TRIM(CLEAN(Raw_Data!B241)) -> Marketing | C241: Sr. Manager | D241: =IF(ISBLANK(Raw_Data!D241),AVERAGE(Raw_Data!D$2:D$5002),Raw_Data!D241) -> 76197.03 | E241: =IF(ISBLANK(Raw_Data!E241),AVERAGE(Raw_Data!E$2:E$5002),Raw_Data!E241) -> 22859.11 | F241: =IF(ISBLANK(Raw_Data!F241),AVERAGE(Raw_Data!F$2:F$5002),Raw_Data!F241) -> 1968.71 | G241: =IF(ISBLANK(Raw_Data!G241),AVERAGE(Raw_Data!G$2:G$5002),Raw_Data!G241) -> 12174.36 | H241: =ROUND(D241+E241+F241,0) -> 101025.00 | I241: =+ROUND(H241-G241,0) -> 88851.00 | J241: =TEXT(Raw_Data!J241,"MMM-YYY") -> Apr-2025 | K241: =Raw_Data!K241 -> 17 | L241: =Raw_Data!L241 -> Chandigarh-North | M241: =IF(COUNTIF($A$3:A241,A241)>1,"Duplicate","OK") -> OK | N241: =IF(AND( H241=ROUND(D241+E241+F241,0), I241=ROUND(H241-G241,0), I241>=0 ),"VALID","ERROR") -> VALID
A242: =Raw_Data!A242 -> EMP0248 | B242: =TRIM(CLEAN(Raw_Data!B242)) -> Operations | C242: Manager | D242: =IF(ISBLANK(Raw_Data!D242),AVERAGE(Raw_Data!D$2:D$5002),Raw_Data!D242) -> 60000.38 | E242: =IF(ISBLANK(Raw_Data!E242),AVERAGE(Raw_Data!E$2:E$5002),Raw_Data!E242) -> 18000.11 | F242: =IF(ISBLANK(Raw_Data!F242),AVERAGE(Raw_Data!F$2:F$5002),Raw_Data!F242) -> 9674.46 | G242: =IF(ISBLANK(Raw_Data!G242),AVERAGE(Raw_Data!G$2:G$5002),Raw_Data!G242) -> 1297.37 | H242: =ROUND(D242+E242+F242,0) -> 87675.00 | I242: =+ROUND(H242-G242,0) -> 86378.00 | J242: =TEXT(Raw_Data!J242,"MMM-YYY") -> Dec-2025 | K242: =Raw_Data!K242 -> 10 | L242: =Raw_Data!L242 -> Ahmedabad-West | M242: =IF(COUNTIF($A$3:A242,A242)>1,"Duplicate","OK") -> OK | N242: =IF(AND( H242=ROUND(D242+E242+F242,0), I242=ROUND(H242-G242,0), I242>=0 ),"VALID","ERROR") -> VALID
A243: =Raw_Data!A243 -> EMP0249 | B243: =TRIM(CLEAN(Raw_Data!B243)) -> HR | C243: Team Lead | D243: =IF(ISBLANK(Raw_Data!D243),AVERAGE(Raw_Data!D$2:D$5002),Raw_Data!D243) -> 35262.38 | E243: =IF(ISBLANK(Raw_Data!E243),AVERAGE(Raw_Data!E$2:E$5002),Raw_Data!E243) -> 10578.71 | F243: =IF(ISBLANK(Raw_Data!F243),AVERAGE(Raw_Data!F$2:F$5002),Raw_Data!F243) -> 6496.48 | G243: =IF(ISBLANK(Raw_Data!G243),AVERAGE(Raw_Data!G$2:G$5002),Raw_Data!G243) -> 9120.02 | H243: =ROUND(D243+E243+F243,0) -> 52338.00 | I243: =+ROUND(H243-G243,0) -> 43218.00 | J243: =TEXT(Raw_Data!J243,"MMM-YYY") -> Oct-2025 | K243: =Raw_Data!K243 -> 22 | L243: =Raw_Data!L243 -> Jaipur-North | M243: =IF(COUNTIF($A$3:A243,A243)>1,"Duplicate","OK") -> OK | N243: =IF(AND( H243=ROUND(D243+E243+F243,0), I243=ROUND(H243-G243,0), I243>=0 ),"VALID","ERROR") -> VALID
A244: =Raw_Data!A244 -> EMP0250 | B244: =TRIM(CLEAN(Raw_Data!B244)) -> Marketing | C244: Manager | D244: =IF(ISBLANK(Raw_Data!D244),AVERAGE(Raw_Data!D$2:D$5002),Raw_Data!D244) -> 52279.61 | E244: =IF(ISBLANK(Raw_Data!E244),AVERAGE(Raw_Data!E$2:E$5002),Raw_Data!E244) -> 15683.88 | F244: =IF(ISBLANK(Raw_Data!F244),AVERAGE(Raw_Data!F$2:F$5002),Raw_Data!F244) -> 6693.27 | G244: =IF(ISBLANK(Raw_Data!G244),AVERAGE(Raw_Data!G$2:G$5002),Raw_Data!G244) -> 4540.72 | H244: =ROUND(D244+E244+F244,0) -> 74657.00 | I244: =+ROUND(H244-G244,0) -> 70116.00 | J244: =TEXT(Raw_Data!J244,"MMM-YYY") -> Jul-2025 | K244: =Raw_Data!K244 -> 1 | L244: =Raw_Data!L244 -> Mumbai-HO | M244: =IF(COUNTIF($A$3:A244,A244)>1,"Duplicate","OK") -> OK | N244: =IF(AND( H244=ROUND(D244+E244+F244,0), I244=ROUND(H244-G244,0), I244>=0 ),"VALID","ERROR") -> VALID
A245: =Raw_Data!A245 -> EMP0251 | B245: =TRIM(CLEAN(Raw_Data!B245)) -> HR | C245: Analyst | D245: =IF(ISBLANK(Raw_Data!D245),AVERAGE(Raw_Data!D$2:D$5002),Raw_Data!D245) -> 26718.73 | E245: =IF(ISBLANK(Raw_Data!E245),AVERAGE(Raw_Data!E$2:E$5002),Raw_Data!E245) -> 8015.62 | F245: =IF(ISBLANK(Raw_Data!F245),AVERAGE(Raw_Data!F$2:F$5002),Raw_Data!F245) -> 5063.81 | G245: =IF(ISBLANK(Raw_Data!G245),AVERAGE(Raw_Data!G$2:G$5002),Raw_Data!G245) -> 14562.73 | H245: =ROUND(D245+E245+F245,0) -> 39798.00 | I245: =+ROUND(H245-G245,0) -> 25235.00 | J245: =TEXT(Raw_Data!J245,"MMM-YYY") -> Dec-2025 | K245: =Raw_Data!K245 -> 22 | L245: =Raw_Data!L245 -> Delhi-North | M245: =IF(COUNTIF($A$3:A245,A245)>1,"Duplicate","OK") -> OK | N245: =IF(AND( H245=ROUND(D245+E245+F245,0), I245=ROUND(H245-G245,0), I245>=0 ),"VALID","ERROR") -> VALID
A246: =Raw_Data!A246 -> EMP0252 | B246: =TRIM(CLEAN(Raw_Data!B246)) -> IT | C246: Associate | D246: =IF(ISBLANK(Raw_Data!D246),AVERAGE(Raw_Data!D$2:D$5002),Raw_Data!D246) -> 21144.32 | E246: =IF(ISBLANK(Raw_Data!E246),AVERAGE(Raw_Data!E$2:E$5002),Raw_Data!E246) -> 6343.30 | F246: =IF(ISBLANK(Raw_Data!F246),AVERAGE(Raw_Data!F$2:F$5002),Raw_Data!F246) -> 447.68 | G246: =IF(ISBLANK(Raw_Data!G246),AVERAGE(Raw_Data!G$2:G$5002),Raw_Data!G246) -> 2763.63 | H246: =ROUND(D246+E246+F246,0) -> 27935.00 | I246: =+ROUND(H246-G246,0) -> 25171.00 | J246: =TEXT(Raw_Data!J246,"MMM-YYY") -> Jul-2025 | K246: =Raw_Data!K246 -> 14 | L246: =Raw_Data!L246 -> Bangalore-South | M246: =IF(COUNTIF($A$3:A246,A246)>1,"Duplicate","OK") -> OK | N246: =IF(AND( H246=ROUND(D246+E246+F246,0), I246=ROUND(H246-G246,0), I246>=0 ),"VALID","ERROR") -> VALID
A247: =Raw_Data!A247 -> EMP0253 | B247: =TRIM(CLEAN(Raw_Data!B247)) -> Operations | C247: Associate | D247: =IF(ISBLANK(Raw_Data!D247),AVERAGE(Raw_Data!D$2:D$5002),Raw_Data!D247) -> 20849.52 | E247: =IF(ISBLANK(Raw_Data!E247),AVERAGE(Raw_Data!E$2:E$5002),Raw_Data!E247) -> 6254.86 | F247: =IF(ISBLANK(Raw_Data!F247),AVERAGE(Raw_Data!F$2:F$5002),Raw_Data!F247) -> 1293.82 | G247: =IF(ISBLANK(Raw_Data!G247),AVERAGE(Raw_Data!G$2:G$5002),Raw_Data!G247) -> 14562.73 | H247: =ROUND(D247+E247+F247,0) -> 28398.00 | I247: =+ROUND(H247-G247,0) -> 13835.00 | J247: =TEXT(Raw_Data!J247,"MMM-YYY") -> Jun-2025 | K247: =Raw_Data!K247 -> 12 | L247: =Raw_Data!L247 -> Chennai-South | M247: =IF(COUNTIF($A$3:A247,A247)>1,"Duplicate","OK") -> OK | N247: =IF(AND( H247=ROUND(D247+E247+F247,0), I247=ROUND(H247-G247,0), I247>=0 ),"VALID","ERROR") -> VALID
A248: =Raw_Data!A248 -> EMP0254 | B248: =TRIM(CLEAN(Raw_Data!B248)) -> Customer Support | C248: Executive | D248: =IF(ISBLANK(Raw_Data!D248),AVERAGE(Raw_Data!D$2:D$5002),Raw_Data!D248) -> 22672.14 | E248: =IF(ISBLANK(Raw_Data!E248),AVERAGE(Raw_Data!E$2:E$5002),Raw_Data!E248) -> 6801.64 | F248: =IF(ISBLANK(Raw_Data!F248),AVERAGE(Raw_Data!F$2:F$5002),Raw_Data!F248) -> 2871.31 | G248: =IF(ISBLANK(Raw_Data!G248),AVERAGE(Raw_Data!G$2:G$5002),Raw_Data!G248) -> 3608.98 | H248: =ROUND(D248+E248+F248,0) -> 32345.00 | I248: =+ROUND(H248-G248,0) -> 28736.00 | J248: =TEXT(Raw_Data!J248,"MMM-YYY") -> Apr-2025 | K248: =Raw_Data!K248 -> 8 | L248: =Raw_Data!L248 -> Kolkata-East | M248: =IF(COUNTIF($A$3:A248,A248)>1,"Duplicate","OK") -> OK | N248: =IF(AND( H248=ROUND(D248+E248+F248,0), I248=ROUND(H248-G248,0), I248>=0 ),"VALID","ERROR") -> VALID
A249: =Raw_Data!A249 -> EMP0255 | B249: =TRIM(CLEAN(Raw_Data!B249)) -> Customer Support | C249: Analyst | D249: =IF(ISBLANK(Raw_Data!D249),AVERAGE(Raw_Data!D$2:D$5002),Raw_Data!D249) -> 28511.00 | E249: =IF(ISBLANK(Raw_Data!E249),AVERAGE(Raw_Data!E$2:E$5002),Raw_Data!E249) -> 8553.30 | F249: =IF(ISBLANK(Raw_Data!F249),AVERAGE(Raw_Data!F$2:F$5002),Raw_Data!F249) -> 5463.98 | G249: =IF(ISBLANK(Raw_Data!G249),AVERAGE(Raw_Data!G$2:G$5002),Raw_Data!G249) -> 5520.67 | H249: =ROUND(D249+E249+F249,0) -> 42528.00 | I249: =+ROUND(H249-G249,0) -> 37007.00 | J249: =TEXT(Raw_Data!J249,"MMM-YYY") -> Mar-2025 | K249: =Raw_Data!K249 -> 15 | L249: =Raw_Data!L249 -> Pune-West | M249: =IF(COUNTIF($A$3:A249,A249)>1,"Duplicate","OK") -> OK | N249: =IF(AND( H249=ROUND(D249+E249+F249,0), I249=ROUND(H249-G249,0), I249>=0 ),"VALID","ERROR") -> VALID
A250: =Raw_Data!A250 -> EMP0256 | B250: =TRIM(CLEAN(Raw_Data!B250)) -> Finance | C250: Associate | D250: =IF(ISBLANK(Raw_Data!D250),AVERAGE(Raw_Data!D$2:D$5002),Raw_Data!D250) -> 19054.40 | E250: =IF(ISBLANK(Raw_Data!E250),AVERAGE(Raw_Data!E$2:E$5002),Raw_Data!E250) -> 5716.32 | F250: =IF(ISBLANK(Raw_Data!F250),AVERAGE(Raw_Data!F$2:F$5002),Raw_Data!F250) -> 751.78 | G250: =IF(ISBLANK(Raw_Data!G250),AVERAGE(Raw_Data!G$2:G$5002),Raw_Data!G250) -> 3443.51 | H250: =ROUND(D250+E250+F250,0) -> 25523.00 | I250: =+ROUND(H250-G250,0) -> 22079.00 | J250: =TEXT(Raw_Data!J250,"MMM-YYY") -> Nov-2025 | K250: =Raw_Data!K250 -> 2 | L250: =Raw_Data!L250 -> Hyderabad-South | M250: =IF(COUNTIF($A$3:A250,A250)>1,"Duplicate","OK") -> OK | N250: =IF(AND( H250=ROUND(D250+E250+F250,0), I250=ROUND(H250-G250,0), I250>=0 ),"VALID","ERROR") -> VALID
A251: =Raw_Data!A251 -> EMP0257 | B251: =TRIM(CLEAN(Raw_Data!B251)) -> HR | C251: Executive | D251: =IF(ISBLANK(Raw_Data!D251),AVERAGE(Raw_Data!D$2:D$5002),Raw_Data!D251) -> 30371.37 | E251: =IF(ISBLANK(Raw_Data!E251),AVERAGE(Raw_Data!E$2:E$5002),Raw_Data!E251) -> 9111.41 | F251: =IF(ISBLANK(Raw_Data!F251),AVERAGE(Raw_Data!F$2:F$5002),Raw_Data!F251) -> 3814.33 | G251: =IF(ISBLANK(Raw_Data!G251),AVERAGE(Raw_Data!G$2:G$5002),Raw_Data!G251) -> 4227.27 | H251: =ROUND(D251+E251+F251,0) -> 43297.00 | I251: =+ROUND(H251-G251,0) -> 39070.00 | J251: =TEXT(Raw_Data!J251,"MMM-YYY") -> Oct-2025 | K251: =Raw_Data!K251 -> 12 | L251: =Raw_Data!L251 -> Chandigarh-North | M251: =IF(COUNTIF($A$3:A251,A251)>1,"Duplicate","OK") -> OK | N251: =IF(AND( H251=ROUND(D251+E251+F251,0), I251=ROUND(H251-G251,0), I251>=0 ),"VALID","ERROR") -> VALID
... A341: =Raw_Data!A341 -> EMP0350 | B341: =TRIM(CLEAN(Raw_Data!B341)) -> Sales | C341: Team Lead | D341: =IF(ISBLANK(Raw_Data!D341),AVERAGE(Raw_Data!D$2:D$5002),Raw_Data!D341) -> 39000.48 | E341: =IF(ISBLANK(Raw_Data!E341),AVERAGE(Raw_Data!E$2:E$5002),Raw_Data!E341) -> 11700.14 | F341: =IF(ISBLANK(Raw_Data!F341),AVERAGE(Raw_Data!F$2:F$5002),Raw_Data!F341) -> 63.78 | G341: =IF(ISBLANK(Raw_Data!G341),AVERAGE(Raw_Data!G$2:G$5002),Raw_Data!G341) -> 1257.73 | H341: =ROUND(D341+E341+F341,0) -> 50764.00 | I341: =+ROUND(H341-G341,0) -> 49506.00 | J341: =TEXT(Raw_Data!J341,"MMM-YYY") -> Mar-2025 | K341: =Raw_Data!K341 -> 6 | L341: =Raw_Data!L341 -> Mumbai-HO | M341: =IF(COUNTIF($A$3:A341,A341)>1,"Duplicate","OK") -> OK | N341: =IF(AND( H341=ROUND(D341+E341+F341,0), I341=ROUND(H341-G341,0), I341>=0 ),"VALID","ERROR") -> VALID
A342: =Raw_Data!A342 -> EMP0351 | B342: HR | C342: Sr. Manager | D342: =IF(ISBLANK(Raw_Data!D342),AVERAGE(Raw_Data!D$2:D$5002),Raw_Data!D342) -> 74510.22 | E342: =IF(ISBLANK(Raw_Data!E342),AVERAGE(Raw_Data!E$2:E$5002),Raw_Data!E342) -> 22353.07 | F342: =IF(ISBLANK(Raw_Data!F342),AVERAGE(Raw_Data!F$2:F$5002),Raw_Data!F342) -> 6009.31 | G342: =IF(ISBLANK(Raw_Data!G342),AVERAGE(Raw_Data!G$2:G$5002),Raw_Data!G342) -> 1011.31 | H342: =ROUND(D342+E342+F342,0) -> 102873.00 | I342: =+ROUND(H342-G342,0) -> 101862.00 | J342: =TEXT(Raw_Data!J342,"MMM-YYY") -> Jan-2025 | K342: =Raw_Data!K342 -> 18 | L342: =Raw_Data!L342 -> Delhi-North | M342: =IF(COUNTIF($A$3:A342,A342)>1,"Duplicate","OK") -> OK | N342: =IF(AND( H342=ROUND(D342+E342+F342,0), I342=ROUND(H342-G342,0), I342>=0 ),"VALID","ERROR") -> VALID
A343: =Raw_Data!A343 -> EMP0352 | B343: =TRIM(CLEAN(Raw_Data!B343)) -> Operations | C343: Manager | D343: =IF(ISBLANK(Raw_Data!D343),AVERAGE(Raw_Data!D$2:D$5002),Raw_Data!D343) -> 48503.80 | E343: =IF(ISBLANK(Raw_Data!E343),AVERAGE(Raw_Data!E$2:E$5002),Raw_Data!E343) -> 14551.14 | F343: =IF(ISBLANK(Raw_Data!F343),AVERAGE(Raw_Data!F$2:F$5002),Raw_Data!F343) -> 5366.68 | G343: =IF(ISBLANK(Raw_Data!G343),AVERAGE(Raw_Data!G$2:G$5002),Raw_Data!G343) -> 1069.97 | H343: =ROUND(D343+E343+F343,0) -> 68422.00 | I343: =+ROUND(H343-G343,0) -> 67352.00 | J343: =TEXT(Raw_Data!J343,"MMM-YYY") -> Sep-2025 | K343: =Raw_Data!K343 -> 23 | L343: =Raw_Data!L343 -> Bangalore-South | M343: =IF(COUNTIF($A$3:A343,A343)>1,"Duplicate","OK") -> OK | N343: =IF(AND( H343=ROUND(D343+E343+F343,0), I343=ROUND(H343-G343,0), I343>=0 ),"VALID","ERROR") -> VALID
A344: =Raw_Data!A344 -> EMP0353 | B344: =TRIM(CLEAN(Raw_Data!B344)) -> Marketing | C344: Director | D344: =IF(ISBLANK(Raw_Data!D344),AVERAGE(Raw_Data!D$2:D$5002),Raw_Data!D344) -> 109794.86 | E344: =IF(ISBLANK(Raw_Data!E344),AVERAGE(Raw_Data!E$2:E$5002),Raw_Data!E344) -> 32938.46 | F344: =IF(ISBLANK(Raw_Data!F344),AVERAGE(Raw_Data!F$2:F$5002),Raw_Data!F344) -> 18122.99 | G344: =IF(ISBLANK(Raw_Data!G344),AVERAGE(Raw_Data!G$2:G$5002),Raw_Data!G344) -> 20528.62 | H344: =ROUND(D344+E344+F344,0) -> 160856.00 | I344: =+ROUND(H344-G344,0) -> 140327.00 | J344: =TEXT(Raw_Data!J344,"MMM-YYY") -> Oct-2025 | K344: =Raw_Data!K344 -> 11 | L344: =Raw_Data!L344 -> Chennai-South | M344: =IF(COUNTIF($A$3:A344,A344)>1,"Duplicate","OK") -> OK | N344: =IF(AND( H344=ROUND(D344+E344+F344,0), I344=ROUND(H344-G344,0), I344>=0 ),"VALID","ERROR") -> VALID
A345: =Raw_Data!A345 -> EMP0354 | B345: =TRIM(CLEAN(Raw_Data!B345)) -> HR | C345: Executive | D345: =IF(ISBLANK(Raw_Data!D345),AVERAGE(Raw_Data!D$2:D$5002),Raw_Data!D345) -> 30580.73 | E345: =IF(ISBLANK(Raw_Data!E345),AVERAGE(Raw_Data!E$2:E$5002),Raw_Data!E345) -> 9174.22 | F345: =IF(ISBLANK(Raw_Data!F345),AVERAGE(Raw_Data!F$2:F$5002),Raw_Data!F345) -> 2409.17 | G345: =IF(ISBLANK(Raw_Data!G345),AVERAGE(Raw_Data!G$2:G$5002),Raw_Data!G345) -> 7292.56 | H345: =ROUND(D345+E345+F345,0) -> 42164.00 | I345: =+ROUND(H345-G345,0) -> 34871.00 | J345: =TEXT(Raw_Data!J345,"MMM-YYY") -> Jun-2025 | K345: =Raw_Data!K345 -> 18 | L345: =Raw_Data!L345 -> Kolkata-East | M345: =IF(COUNTIF($A$3:A345,A345)>1,"Duplicate","OK") -> OK | N345: =IF(AND( H345=ROUND(D345+E345+F345,0), I345=ROUND(H345-G345,0), I345>=0 ),"VALID","ERROR") -> VALID
A346: =Raw_Data!A346 -> EMP0355 | B346: =TRIM(CLEAN(Raw_Data!B346)) -> Operations | C346: Analyst | D346: =IF(ISBLANK(Raw_Data!D346),AVERAGE(Raw_Data!D$2:D$5002),Raw_Data!D346) -> 32549.65 | E346: =IF(ISBLANK(Raw_Data!E346),AVERAGE(Raw_Data!E$2:E$5002),Raw_Data!E346) -> 9764.90 | F346: =IF(ISBLANK(Raw_Data!F346),AVERAGE(Raw_Data!F$2:F$5002),Raw_Data!F346) -> 1295.85 | G346: =IF(ISBLANK(Raw_Data!G346),AVERAGE(Raw_Data!G$2:G$5002),Raw_Data!G346) -> 4971.53 | H346: =ROUND(D346+E346+F346,0) -> 43610.00 | I346: =+ROUND(H346-G346,0) -> 38638.00 | J346: =TEXT(Raw_Data!J346,"MMM-YYY") -> Sep-2025 | K346: =Raw_Data!K346 -> 18 | L346: =Raw_Data!L346 -> Pune-West | M346: =IF(COUNTIF($A$3:A346,A346)>1,"Duplicate","OK") -> OK | N346: =IF(AND( H346=ROUND(D346+E346+F346,0), I346=ROUND(H346-G346,0), I346>=0 ),"VALID","ERROR") -> VALID
A347: =Raw_Data!A347 -> EMP0356 | B347: =TRIM(CLEAN(Raw_Data!B347)) -> HR | C347: Associate | D347: =IF(ISBLANK(Raw_Data!D347),AVERAGE(Raw_Data!D$2:D$5002),Raw_Data!D347) -> 18280.18 | E347: =IF(ISBLANK(Raw_Data!E347),AVERAGE(Raw_Data!E$2:E$5002),Raw_Data!E347) -> 5484.05 | F347: =IF(ISBLANK(Raw_Data!F347),AVERAGE(Raw_Data!F$2:F$5002),Raw_Data!F347) -> 2608.92 | G347: =IF(ISBLANK(Raw_Data!G347),AVERAGE(Raw_Data!G$2:G$5002),Raw_Data!G347) -> 4408.99 | H347: =ROUND(D347+E347+F347,0) -> 26373.00 | I347: =+ROUND(H347-G347,0) -> 21964.00 | J347: =TEXT(Raw_Data!J347,"MMM-YYY") -> Sep-2025 | K347: =Raw_Data!K347 -> 10 | L347: =Raw_Data!L347 -> Hyderabad-South | M347: =IF(COUNTIF($A$3:A347,A347)>1,"Duplicate","OK") -> OK | N347: =IF(AND( H347=ROUND(D347+E347+F347,0), I347=ROUND(H347-G347,0), I347>=0 ),"VALID","ERROR") -> VALID
A348: =Raw_Data!A348 -> EMP0357 | B348: =TRIM(CLEAN(Raw_Data!B348)) -> Marketing | C348: Executive | D348: =IF(ISBLANK(Raw_Data!D348),AVERAGE(Raw_Data!D$2:D$5002),Raw_Data!D348) -> 27335.09 | E348: =IF(ISBLANK(Raw_Data!E348),AVERAGE(Raw_Data!E$2:E$5002),Raw_Data!E348) -> 8200.53 | F348: =IF(ISBLANK(Raw_Data!F348),AVERAGE(Raw_Data!F$2:F$5002),Raw_Data!F348) -> 2818.28 | G348: =IF(ISBLANK(Raw_Data!G348),AVERAGE(Raw_Data!G$2:G$5002),Raw_Data!G348) -> 2689.49 | H348: =ROUND(D348+E348+F348,0) -> 38354.00 | I348: =+ROUND(H348-G348,0) -> 35665.00 | J348: =TEXT(Raw_Data!J348,"MMM-YYY") -> Oct-2025 | K348: =Raw_Data!K348 -> 15 | L348: =Raw_Data!L348 -> Chandigarh-North | M348: =IF(COUNTIF($A$3:A348,A348)>1,"Duplicate","OK") -> OK | N348: =IF(AND( H348=ROUND(D348+E348+F348,0), I348=ROUND(H348-G348,0), I348>=0 ),"VALID","ERROR") -> VALID
A349: =Raw_Data!A349 -> EMP0358 | B349: =TRIM(CLEAN(Raw_Data!B349)) -> IT | C349: Executive | D349: =IF(ISBLANK(Raw_Data!D349),AVERAGE(Raw_Data!D$2:D$5002),Raw_Data!D349) -> 25458.00 | E349: =IF(ISBLANK(Raw_Data!E349),AVERAGE(Raw_Data!E$2:E$5002),Raw_Data!E349) -> 7637.40 | F349: =IF(ISBLANK(Raw_Data!F349),AVERAGE(Raw_Data!F$2:F$5002),Raw_Data!F349) -> 3138.97 | G349: =IF(ISBLANK(Raw_Data!G349),AVERAGE(Raw_Data!G$2:G$5002),Raw_Data!G349) -> 6435.29 | H349: =ROUND(D349+E349+F349,0) -> 36234.00 | I349: =+ROUND(H349-G349,0) -> 29799.00 | J349: =TEXT(Raw_Data!J349,"MMM-YYY") -> Oct-2025 | K349: =Raw_Data!K349 -> 6 | L349: =Raw_Data!L349 -> Ahmedabad-West | M349: =IF(COUNTIF($A$3:A349,A349)>1,"Duplicate","OK") -> OK | N349: =IF(AND( H349=ROUND(D349+E349+F349,0), I349=ROUND(H349-G349,0), I349>=0 ),"VALID","ERROR") -> VALID
A350: =Raw_Data!A350 -> EMP0359 | B350: =TRIM(CLEAN(Raw_Data!B350)) -> IT | C350: Manager | D350: =IF(ISBLANK(Raw_Data!D350),AVERAGE(Raw_Data!D$2:D$5002),Raw_Data!D350) -> 59909.21 | E350: =IF(ISBLANK(Raw_Data!E350),AVERAGE(Raw_Data!E$2:E$5002),Raw_Data!E350) -> 17972.76 | F350: =IF(ISBLANK(Raw_Data!F350),AVERAGE(Raw_Data!F$2:F$5002),Raw_Data!F350) -> 6378.41 | G350: =IF(ISBLANK(Raw_Data!G350),AVERAGE(Raw_Data!G$2:G$5002),Raw_Data!G350) -> 12738.01 | H350: =ROUND(D350+E350+F350,0) -> 84260.00 | I350: =+ROUND(H350-G350,0) -> 71522.00 | J350: =TEXT(Raw_Data!J350,"MMM-YYY") -> May-2025 | K350: =Raw_Data!K350 -> 18 | L350: =Raw_Data!L350 -> Jaipur-North | M350: =IF(COUNTIF($A$3:A350,A350)>1,"Duplicate","OK") -> OK | N350: =IF(AND( H350=ROUND(D350+E350+F350,0), I350=ROUND(H350-G350,0), I350>=0 ),"VALID","ERROR") -> VALID
A351: =Raw_Data!A351 -> EMP0360 | B351: =TRIM(CLEAN(Raw_Data!B351)) -> Marketing | C351: Director | D351: =IF(ISBLANK(Raw_Data!D351),AVERAGE(Raw_Data!D$2:D$5002),Raw_Data!D351) -> 90598.93 | E351: =IF(ISBLANK(Raw_Data!E351),AVERAGE(Raw_Data!E$2:E$5002),Raw_Data!E351) -> 27179.68 | F351: =IF(ISBLANK(Raw_Data!F351),AVERAGE(Raw_Data!F$2:F$5002),Raw_Data!F351) -> 6001.99 | G351: =IF(ISBLANK(Raw_Data!G351),AVERAGE(Raw_Data!G$2:G$5002),Raw_Data!G351) -> 2979.02 | H351: =ROUND(D351+E351+F351,0) -> 123781.00 | I351: =+ROUND(H351-G351,0) -> 120802.00 | J351: =TEXT(Raw_Data!J351,"MMM-YYY") -> Jul-2025 | K351: =Raw_Data!K351 -> 18 | L351: =Raw_Data!L351 -> Mumbai-HO | M351: =IF(COUNTIF($A$3:A351,A351)>1,"Duplicate","OK") -> OK | N351: =IF(AND( H351=ROUND(D351+E351+F351,0), I351=ROUND(H351-G351,0), I351>=0 ),"VALID","ERROR") -> VALID
A352: =Raw_Data!A352 -> EMP0361 | B352: =TRIM(CLEAN(Raw_Data!B352)) -> Operations | C352: Analyst | D352: =IF(ISBLANK(Raw_Data!D352),AVERAGE(Raw_Data!D$2:D$5002),Raw_Data!D352) -> 32967.55 | E352: =IF(ISBLANK(Raw_Data!E352),AVERAGE(Raw_Data!E$2:E$5002),Raw_Data!E352) -> 9890.27 | F352: =IF(ISBLANK(Raw_Data!F352),AVERAGE(Raw_Data!F$2:F$5002),Raw_Data!F352) -> 4782.43 | G352: =IF(ISBLANK(Raw_Data!G352),AVERAGE(Raw_Data!G$2:G$5002),Raw_Data!G352) -> 6804.93 | H352: =ROUND(D352+E352+F352,0) -> 47640.00 | I352: =+ROUND(H352-G352,0) -> 40835.00 | J352: =TEXT(Raw_Data!J352,"MMM-YYY") -> Jan-2025 | K352: =Raw_Data!K352 -> 23 | L352: =Raw_Data!L352 -> Delhi-North | M352: =IF(COUNTIF($A$3:A352,A352)>1,"Duplicate","OK") -> OK | N352: =IF(AND( H352=ROUND(D352+E352+F352,0), I352=ROUND(H352-G352,0), I352>=0 ),"VALID","ERROR") -> VALID
A353: =Raw_Data!A353 -> EMP0362 | B353: =TRIM(CLEAN(Raw_Data!B353)) -> Operations | C353: Team Lead | D353: =IF(ISBLANK(Raw_Data!D353),AVERAGE(Raw_Data!D$2:D$5002),Raw_Data!D353) -> 38717.43 | E353: =IF(ISBLANK(Raw_Data!E353),AVERAGE(Raw_Data!E$2:E$5002),Raw_Data!E353) -> 11615.23 | F353: =IF(ISBLANK(Raw_Data!F353),AVERAGE(Raw_Data!F$2:F$5002),Raw_Data!F353) -> 5076.56 | G353: =IF(ISBLANK(Raw_Data!G353),AVERAGE(Raw_Data!G$2:G$5002),Raw_Data!G353) -> 11290.66 | H353: =ROUND(D353+E353+F353,0) -> 55409.00 | I353: =+ROUND(H353-G353,0) -> 44118.00 | J353: =TEXT(Raw_Data!J353,"MMM-YYY") -> Oct-2025 | K353: =Raw_Data!K353 -> 8 | L353: =Raw_Data!L353 -> Bangalore-South | M353: =IF(COUNTIF($A$3:A353,A353)>1,"Duplicate","OK") -> OK | N353: =IF(AND( H353=ROUND(D353+E353+F353,0), I353=ROUND(H353-G353,0), I353>=0 ),"VALID","ERROR") -> VALID
A354: =Raw_Data!A354 -> EMP0363 | B354: =TRIM(CLEAN(Raw_Data!B354)) -> Operations | C354: Executive | D354: =IF(ISBLANK(Raw_Data!D354),AVERAGE(Raw_Data!D$2:D$5002),Raw_Data!D354) -> 28348.32 | E354: =IF(ISBLANK(Raw_Data!E354),AVERAGE(Raw_Data!E$2:E$5002),Raw_Data!E354) -> 8504.50 | F354: =IF(ISBLANK(Raw_Data!F354),AVERAGE(Raw_Data!F$2:F$5002),Raw_Data!F354) -> 3308.38 | G354: =IF(ISBLANK(Raw_Data!G354),AVERAGE(Raw_Data!G$2:G$5002),Raw_Data!G354) -> 1450.12 | H354: =ROUND(D354+E354+F354,0) -> 40161.00 | I354: =+ROUND(H354-G354,0) -> 38711.00 | J354: =TEXT(Raw_Data!J354,"MMM-YYY") -> Nov-2025 | K354: =Raw_Data!K354 -> 14 | L354: =Raw_Data!L354 -> Chennai-South | M354: =IF(COUNTIF($A$3:A354,A354)>1,"Duplicate","OK") -> OK | N354: =IF(AND( H354=ROUND(D354+E354+F354,0), I354=ROUND(H354-G354,0), I354>=0 ),"VALID","ERROR") -> VALID
... A499: =Raw_Data!A499 -> EMP0523 | B499: =TRIM(CLEAN(Raw_Data!B499)) -> Finance | C499: Sr. Manager | D499: =IF(ISBLANK(Raw_Data!D499),AVERAGE(Raw_Data!D$2:D$5002),Raw_Data!D499) -> 73374.51 | E499: =IF(ISBLANK(Raw_Data!E499),AVERAGE(Raw_Data!E$2:E$5002),Raw_Data!E499) -> 22012.35 | F499: =IF(ISBLANK(Raw_Data!F499),AVERAGE(Raw_Data!F$2:F$5002),Raw_Data!F499) -> 3632.84 | G499: =IF(ISBLANK(Raw_Data!G499),AVERAGE(Raw_Data!G$2:G$5002),Raw_Data!G499) -> 18568.64 | H499: =ROUND(D499+E499+F499,0) -> 99020.00 | I499: =+ROUND(H499-G499,0) -> 80451.00 | J499: =TEXT(Raw_Data!J499,"MMM-YYY") -> Jul-2025 | K499: =Raw_Data!K499 -> 24 | L499: =Raw_Data!L499 -> Chennai-South | M499: =IF(COUNTIF($A$3:A499,A499)>1,"Duplicate","OK") -> OK | N499: =IF(AND( H499=ROUND(D499+E499+F499,0), I499=ROUND(H499-G499,0), I499>=0 ),"VALID","ERROR") -> VALID
A500: =Raw_Data!A500 -> EMP0524 | B500: IT | C500: Executive | D500: =IF(ISBLANK(Raw_Data!D500),AVERAGE(Raw_Data!D$2:D$5002),Raw_Data!D500) -> 27081.34 | E500: =IF(ISBLANK(Raw_Data!E500),AVERAGE(Raw_Data!E$2:E$5002),Raw_Data!E500) -> 8124.40 | F500: =IF(ISBLANK(Raw_Data!F500),AVERAGE(Raw_Data!F$2:F$5002),Raw_Data!F500) -> 1455.44 | G500: =IF(ISBLANK(Raw_Data!G500),AVERAGE(Raw_Data!G$2:G$5002),Raw_Data!G500) -> 3365.33 | H500: =ROUND(D500+E500+F500,0) -> 36661.00 | I500: =+ROUND(H500-G500,0) -> 33296.00 | J500: =TEXT(Raw_Data!J500,"MMM-YYY") -> Aug-2025 | K500: =Raw_Data!K500 -> 3 | L500: =Raw_Data!L500 -> Kolkata-East | M500: =IF(COUNTIF($A$3:A500,A500)>1,"Duplicate","OK") -> OK | N500: =IF(AND( H500=ROUND(D500+E500+F500,0), I500=ROUND(H500-G500,0), I500>=0 ),"VALID","ERROR") -> VALID
A501: =Raw_Data!A501 -> EMP0525 | B501: =TRIM(CLEAN(Raw_Data!B501)) -> HR | C501: Sr. Manager | D501: =IF(ISBLANK(Raw_Data!D501),AVERAGE(Raw_Data!D$2:D$5002),Raw_Data!D501) -> 85659.56 | E501: =IF(ISBLANK(Raw_Data!E501),AVERAGE(Raw_Data!E$2:E$5002),Raw_Data!E501) -> 25697.87 | F501: =IF(ISBLANK(Raw_Data!F501),AVERAGE(Raw_Data!F$2:F$5002),Raw_Data!F501) -> 13172.46 | G501: =IF(ISBLANK(Raw_Data!G501),AVERAGE(Raw_Data!G$2:G$5002),Raw_Data!G501) -> 10352.41 | H501: =ROUND(D501+E501+F501,0) -> 124530.00 | I501: =+ROUND(H501-G501,0) -> 114178.00 | J501: =TEXT(Raw_Data!J501,"MMM-YYY") -> Dec-2025 | K501: =Raw_Data!K501 -> 7 | L501: =Raw_Data!L501 -> Pune-West | M501: =IF(COUNTIF($A$3:A501,A501)>1,"Duplicate","OK") -> OK | N501: =IF(AND( H501=ROUND(D501+E501+F501,0), I501=ROUND(H501-G501,0), I501>=0 ),"VALID","ERROR") -> VALID
A502: =Raw_Data!A502 -> EMP0526 | B502: =TRIM(CLEAN(Raw_Data!B502)) -> IT | C502: Sr. Manager | D502: =IF(ISBLANK(Raw_Data!D502),AVERAGE(Raw_Data!D$2:D$5002),Raw_Data!D502) -> 89344.74 | E502: =IF(ISBLANK(Raw_Data!E502),AVERAGE(Raw_Data!E$2:E$5002),Raw_Data!E502) -> 26803.42 | F502: =IF(ISBLANK(Raw_Data!F502),AVERAGE(Raw_Data!F$2:F$5002),Raw_Data!F502) -> 6594.91 | G502: =IF(ISBLANK(Raw_Data!G502),AVERAGE(Raw_Data!G$2:G$5002),Raw_Data!G502) -> 25470.06 | H502: =ROUND(D502+E502+F502,0) -> 122743.00 | I502: =+ROUND(H502-G502,0) -> 97273.00 | J502: =TEXT(Raw_Data!J502,"MMM-YYY") -> Jun-2025 | K502: =Raw_Data!K502 -> 9 | L502: =Raw_Data!L502 -> Hyderabad-South | M502: =IF(COUNTIF($A$3:A502,A502)>1,"Duplicate","OK") -> OK | N502: =IF(AND( H502=ROUND(D502+E502+F502,0), I502=ROUND(H502-G502,0), I502>=0 ),"VALID","ERROR") -> VALID
A503: =Raw_Data!A503 -> EMP0527 | B503: =TRIM(CLEAN(Raw_Data!B503)) -> Operations | C503: Associate | D503: =IF(ISBLANK(Raw_Data!D503),AVERAGE(Raw_Data!D$2:D$5002),Raw_Data!D503) -> 24256.14 | E503: =IF(ISBLANK(Raw_Data!E503),AVERAGE(Raw_Data!E$2:E$5002),Raw_Data!E503) -> 7276.84 | F503: =IF(ISBLANK(Raw_Data!F503),AVERAGE(Raw_Data!F$2:F$5002),Raw_Data!F503) -> 4109.80 | G503: =IF(ISBLANK(Raw_Data!G503),AVERAGE(Raw_Data!G$2:G$5002),Raw_Data!G503) -> 677.78 | H503: =ROUND(D503+E503+F503,0) -> 35643.00 | I503: =+ROUND(H503-G503,0) -> 34965.00 | J503: =TEXT(Raw_Data!J503,"MMM-YYY") -> Aug-2025 | K503: =Raw_Data!K503 -> 3 | L503: =Raw_Data!L503 -> Chandigarh-North | M503: =IF(COUNTIF($A$3:A503,A503)>1,"Duplicate","OK") -> OK | N503: =IF(AND( H503=ROUND(D503+E503+F503,0), I503=ROUND(H503-G503,0), I503>=0 ),"VALID","ERROR") -> VALID
A504: =Raw_Data!A504 -> EMP0528 | B504: =TRIM(CLEAN(Raw_Data!B504)) -> Sales | C504: Sr. Manager | D504: =IF(ISBLANK(Raw_Data!D504),AVERAGE(Raw_Data!D$2:D$5002),Raw_Data!D504) -> 83129.51 | E504: =IF(ISBLANK(Raw_Data!E504),AVERAGE(Raw_Data!E$2:E$5002),Raw_Data!E504) -> 24938.85 | F504: =IF(ISBLANK(Raw_Data!F504),AVERAGE(Raw_Data!F$2:F$5002),Raw_Data!F504) -> 14133.78 | G504: =IF(ISBLANK(Raw_Data!G504),AVERAGE(Raw_Data!G$2:G$5002),Raw_Data!G504) -> 19843.29 | H504: =ROUND(D504+E504+F504,0) -> 122202.00 | I504: =+ROUND(H504-G504,0) -> 102359.00 | J504: =TEXT(Raw_Data!J504,"MMM-YYY") -> Jul-2025 | K504: =Raw_Data!K504 -> 15 | L504: =Raw_Data!L504 -> Ahmedabad-West | M504: =IF(COUNTIF($A$3:A504,A504)>1,"Duplicate","OK") -> OK | N504: =IF(AND( H504=ROUND(D504+E504+F504,0), I504=ROUND(H504-G504,0), I504>=0 ),"VALID","ERROR") -> VALID
A505: =Raw_Data!A505 -> EMP0529 | B505: =TRIM(CLEAN(Raw_Data!B505)) -> Finance | C505: Team Lead | D505: =IF(ISBLANK(Raw_Data!D505),AVERAGE(Raw_Data!D$2:D$5002),Raw_Data!D505) -> 46547.87 | E505: =IF(ISBLANK(Raw_Data!E505),AVERAGE(Raw_Data!E$2:E$5002),Raw_Data!E505) -> 13964.36 | F505: =IF(ISBLANK(Raw_Data!F505),AVERAGE(Raw_Data!F$2:F$5002),Raw_Data!F505) -> 4605.59 | G505: =IF(ISBLANK(Raw_Data!G505),AVERAGE(Raw_Data!G$2:G$5002),Raw_Data!G505) -> 4508.61 | H505: =ROUND(D505+E505+F505,0) -> 65118.00 | I505: =+ROUND(H505-G505,0) -> 60609.00 | J505: =TEXT(Raw_Data!J505,"MMM-YYY") -> May-2025 | K505: =Raw_Data!K505 -> 23 | L505: =Raw_Data!L505 -> Jaipur-North | M505: =IF(COUNTIF($A$3:A505,A505)>1,"Duplicate","OK") -> OK | N505: =IF(AND( H505=ROUND(D505+E505+F505,0), I505=ROUND(H505-G505,0), I505>=0 ),"VALID","ERROR") -> VALID
A506: =Raw_Data!A506 -> EMP0530 | B506: =TRIM(CLEAN(Raw_Data!B506)) -> IT | C506: Manager | D506: =IF(ISBLANK(Raw_Data!D506),AVERAGE(Raw_Data!D$2:D$5002),Raw_Data!D506) -> 55402.81 | E506: =IF(ISBLANK(Raw_Data!E506),AVERAGE(Raw_Data!E$2:E$5002),Raw_Data!E506) -> 16620.84 | F506: =IF(ISBLANK(Raw_Data!F506),AVERAGE(Raw_Data!F$2:F$5002),Raw_Data!F506) -> 6273.17 | G506: =IF(ISBLANK(Raw_Data!G506),AVERAGE(Raw_Data!G$2:G$5002),Raw_Data!G506) -> 8066.73 | H506: =ROUND(D506+E506+F506,0) -> 78297.00 | I506: =+ROUND(H506-G506,0) -> 70230.00 | J506: =TEXT(Raw_Data!J506,"MMM-YYY") -> Jun-2025 | K506: =Raw_Data!K506 -> 15 | L506: =Raw_Data!L506 -> Mumbai-HO | M506: =IF(COUNTIF($A$3:A506,A506)>1,"Duplicate","OK") -> OK | N506: =IF(AND( H506=ROUND(D506+E506+F506,0), I506=ROUND(H506-G506,0), I506>=0 ),"VALID","ERROR") -> VALID
A507: =Raw_Data!A507 -> EMP0531 | B507: =TRIM(CLEAN(Raw_Data!B507)) -> Sales | C507: Director | D507: =IF(ISBLANK(Raw_Data!D507),AVERAGE(Raw_Data!D$2:D$5002),Raw_Data!D507) -> 91742.73 | E507: =IF(ISBLANK(Raw_Data!E507),AVERAGE(Raw_Data!E$2:E$5002),Raw_Data!E507) -> 27522.82 | F507: =IF(ISBLANK(Raw_Data!F507),AVERAGE(Raw_Data!F$2:F$5002),Raw_Data!F507) -> 1827.05 | G507: =IF(ISBLANK(Raw_Data!G507),AVERAGE(Raw_Data!G$2:G$5002),Raw_Data!G507) -> 21574.86 | H507: =ROUND(D507+E507+F507,0) -> 121093.00 | I507: =+ROUND(H507-G507,0) -> 99518.00 | J507: =TEXT(Raw_Data!J507,"MMM-YYY") -> Aug-2025 | K507: =Raw_Data!K507 -> 20 | L507: =Raw_Data!L507 -> Delhi-North | M507: =IF(COUNTIF($A$3:A507,A507)>1,"Duplicate","OK") -> OK | N507: =IF(AND( H507=ROUND(D507+E507+F507,0), I507=ROUND(H507-G507,0), I507>=0 ),"VALID","ERROR") -> VALID
A508: =Raw_Data!A508 -> EMP0532 | B508: =TRIM(CLEAN(Raw_Data!B508)) -> HR | C508: Associate | D508: =IF(ISBLANK(Raw_Data!D508),AVERAGE(Raw_Data!D$2:D$5002),Raw_Data!D508) -> 24691.92 | E508: =IF(ISBLANK(Raw_Data!E508),AVERAGE(Raw_Data!E$2:E$5002),Raw_Data!E508) -> 7407.58 | F508: =IF(ISBLANK(Raw_Data!F508),AVERAGE(Raw_Data!F$2:F$5002),Raw_Data!F508) -> 780.18 | G508: =IF(ISBLANK(Raw_Data!G508),AVERAGE(Raw_Data!G$2:G$5002),Raw_Data!G508) -> 3381.69 | H508: =ROUND(D508+E508+F508,0) -> 32880.00 | I508: =+ROUND(H508-G508,0) -> 29498.00 | J508: =TEXT(Raw_Data!J508,"MMM-YYY") -> Jul-2025 | K508: =Raw_Data!K508 -> 7 | L508: =Raw_Data!L508 -> Bangalore-South | M508: =IF(COUNTIF($A$3:A508,A508)>1,"Duplicate","OK") -> OK | N508: =IF(AND( H508=ROUND(D508+E508+F508,0), I508=ROUND(H508-G508,0), I508>=0 ),"VALID","ERROR") -> VALID
A509: =Raw_Data!A509 -> EMP0533 | B509: =TRIM(CLEAN(Raw_Data!B509)) -> Finance | C509: Sr. Manager | D509: =IF(ISBLANK(Raw_Data!D509),AVERAGE(Raw_Data!D$2:D$5002),Raw_Data!D509) -> 88644.59 | E509: =IF(ISBLANK(Raw_Data!E509),AVERAGE(Raw_Data!E$2:E$5002),Raw_Data!E509) -> 26593.38 | F509: =IF(ISBLANK(Raw_Data!F509),AVERAGE(Raw_Data!F$2:F$5002),Raw_Data!F509) -> 15639.53 | G509: =IF(ISBLANK(Raw_Data!G509),AVERAGE(Raw_Data!G$2:G$5002),Raw_Data!G509) -> 8027.62 | H509: =ROUND(D509+E509+F509,0) -> 130878.00 | I509: =+ROUND(H509-G509,0) -> 122850.00 | J509: =TEXT(Raw_Data!J509,"MMM-YYY") -> May-2025 | K509: =Raw_Data!K509 -> 7 | L509: =Raw_Data!L509 -> Chennai-South | M509: =IF(COUNTIF($A$3:A509,A509)>1,"Duplicate","OK") -> OK | N509: =IF(AND( H509=ROUND(D509+E509+F509,0), I509=ROUND(H509-G509,0), I509>=0 ),"VALID","ERROR") -> VALID
A510: =Raw_Data!A510 -> EMP0534 | B510: =TRIM(CLEAN(Raw_Data!B510)) -> HR | C510: Sr. Manager | D510: =IF(ISBLANK(Raw_Data!D510),AVERAGE(Raw_Data!D$2:D$5002),Raw_Data!D510) -> 74371.32 | E510: =IF(ISBLANK(Raw_Data!E510),AVERAGE(Raw_Data!E$2:E$5002),Raw_Data!E510) -> 22311.40 | F510: =IF(ISBLANK(Raw_Data!F510),AVERAGE(Raw_Data!F$2:F$5002),Raw_Data!F510) -> 1225.94 | G510: =IF(ISBLANK(Raw_Data!G510),AVERAGE(Raw_Data!G$2:G$5002),Raw_Data!G510) -> 14826.12 | H510: =ROUND(D510+E510+F510,0) -> 97909.00 | I510: =+ROUND(H510-G510,0) -> 83083.00 | J510: =TEXT(Raw_Data!J510,"MMM-YYY") -> Nov-2025 | K510: =Raw_Data!K510 -> 25 | L510: =Raw_Data!L510 -> Kolkata-East | M510: =IF(COUNTIF($A$3:A510,A510)>1,"Duplicate","OK") -> OK | N510: =IF(AND( H510=ROUND(D510+E510+F510,0), I510=ROUND(H510-G510,0), I510>=0 ),"VALID","ERROR") -> VALID
A511: =Raw_Data!A511 -> EMP0535 | B511: =TRIM(CLEAN(Raw_Data!B511)) -> Finance | C511: Associate | D511: =IF(ISBLANK(Raw_Data!D511),AVERAGE(Raw_Data!D$2:D$5002),Raw_Data!D511) -> 20853.66 | E511: =IF(ISBLANK(Raw_Data!E511),AVERAGE(Raw_Data!E$2:E$5002),Raw_Data!E511) -> 6256.10 | F511: =IF(ISBLANK(Raw_Data!F511),AVERAGE(Raw_Data!F$2:F$5002),Raw_Data!F511) -> 1274.20 | G511: =IF(ISBLANK(Raw_Data!G511),AVERAGE(Raw_Data!G$2:G$5002),Raw_Data!G511) -> 4375.77 | H511: =ROUND(D511+E511+F511,0) -> 28384.00 | I511: =+ROUND(H511-G511,0) -> 24008.00 | J511: =TEXT(Raw_Data!J511,"MMM-YYY") -> Apr-2025 | K511: =Raw_Data!K511 -> 17 | L511: =Raw_Data!L511 -> Pune-West | M511: =IF(COUNTIF($A$3:A511,A511)>1,"Duplicate","OK") -> OK | N511: =IF(AND( H511=ROUND(D511+E511+F511,0), I511=ROUND(H511-G511,0), I511>=0 ),"VALID","ERROR") -> VALID
A512: =Raw_Data!A512 -> EMP0536 | B512: =TRIM(CLEAN(Raw_Data!B512)) -> Marketing | C512: Sr. Manager | D512: =IF(ISBLANK(Raw_Data!D512),AVERAGE(Raw_Data!D$2:D$5002),Raw_Data!D512) -> 67371.18 | E512: =IF(ISBLANK(Raw_Data!E512),AVERAGE(Raw_Data!E$2:E$5002),Raw_Data!E512) -> 20211.35 | F512: =IF(ISBLANK(Raw_Data!F512),AVERAGE(Raw_Data!F$2:F$5002),Raw_Data!F512) -> 1282.53 | G512: =IF(ISBLANK(Raw_Data!G512),AVERAGE(Raw_Data!G$2:G$5002),Raw_Data!G512) -> 14562.73 | H512: =ROUND(D512+E512+F512,0) -> 88865.00 | I512: =+ROUND(H512-G512,0) -> 74302.00 | J512: =TEXT(Raw_Data!J512,"MMM-YYY") -> Feb-2025 | K512: =Raw_Data!K512 -> 15 | L512: =Raw_Data!L512 -> Hyderabad-South | M512: =IF(COUNTIF($A$3:A512,A512)>1,"Duplicate","OK") -> OK | N512: =IF(AND( H512=ROUND(D512+E512+F512,0), I512=ROUND(H512-G512,0), I512>=0 ),"VALID","ERROR") -> VALID
... A661: =Raw_Data!A661 -> EMP0693 | B661: =TRIM(CLEAN(Raw_Data!B661)) -> Operations | C661: Director | D661: =IF(ISBLANK(Raw_Data!D661),AVERAGE(Raw_Data!D$2:D$5002),Raw_Data!D661) -> 95703.66 | E661: =IF(ISBLANK(Raw_Data!E661),AVERAGE(Raw_Data!E$2:E$5002),Raw_Data!E661) -> 28711.10 | F661: =IF(ISBLANK(Raw_Data!F661),AVERAGE(Raw_Data!F$2:F$5002),Raw_Data!F661) -> 15029.51 | G661: =IF(ISBLANK(Raw_Data!G661),AVERAGE(Raw_Data!G$2:G$5002),Raw_Data!G661) -> 22387.55 | H661: =ROUND(D661+E661+F661,0) -> 139444.00 | I661: =+ROUND(H661-G661,0) -> 117056.00 | J661: =TEXT(Raw_Data!J661,"MMM-YYY") -> Mar-2025 | K661: =Raw_Data!K661 -> 18 | L661: =Raw_Data!L661 -> Chennai-South | M661: =IF(COUNTIF($A$3:A661,A661)>1,"Duplicate","OK") -> OK | N661: =IF(AND( H661=ROUND(D661+E661+F661,0), I661=ROUND(H661-G661,0), I661>=0 ),"VALID","ERROR") -> VALID
A662: =Raw_Data!A662 -> EMP0694 | B662: marketing | C662: Team Lead | D662: =IF(ISBLANK(Raw_Data!D662),AVERAGE(Raw_Data!D$2:D$5002),Raw_Data!D662) -> 43868.83 | E662: =IF(ISBLANK(Raw_Data!E662),AVERAGE(Raw_Data!E$2:E$5002),Raw_Data!E662) -> 13160.65 | F662: =IF(ISBLANK(Raw_Data!F662),AVERAGE(Raw_Data!F$2:F$5002),Raw_Data!F662) -> 3539.28 | G662: =IF(ISBLANK(Raw_Data!G662),AVERAGE(Raw_Data!G$2:G$5002),Raw_Data!G662) -> 12704.34 | H662: =ROUND(D662+E662+F662,0) -> 60569.00 | I662: =+ROUND(H662-G662,0) -> 47865.00 | J662: =TEXT(Raw_Data!J662,"MMM-YYY") -> Jul-2025 | K662: =Raw_Data!K662 -> 12 | L662: =Raw_Data!L662 -> Kolkata-East | M662: =IF(COUNTIF($A$3:A662,A662)>1,"Duplicate","OK") -> OK | N662: =IF(AND( H662=ROUND(D662+E662+F662,0), I662=ROUND(H662-G662,0), I662>=0 ),"VALID","ERROR") -> VALID
A663: =Raw_Data!A663 -> EMP0695 | B663: =TRIM(CLEAN(Raw_Data!B663)) -> HR | C663: Associate | D663: =IF(ISBLANK(Raw_Data!D663),AVERAGE(Raw_Data!D$2:D$5002),Raw_Data!D663) -> 21843.23 | E663: =IF(ISBLANK(Raw_Data!E663),AVERAGE(Raw_Data!E$2:E$5002),Raw_Data!E663) -> 6552.97 | F663: =IF(ISBLANK(Raw_Data!F663),AVERAGE(Raw_Data!F$2:F$5002),Raw_Data!F663) -> 3191.99 | G663: =IF(ISBLANK(Raw_Data!G663),AVERAGE(Raw_Data!G$2:G$5002),Raw_Data!G663) -> 6225.77 | H663: =ROUND(D663+E663+F663,0) -> 31588.00 | I663: =+ROUND(H663-G663,0) -> 25362.00 | J663: =TEXT(Raw_Data!J663,"MMM-YYY") -> Jun-2025 | K663: =Raw_Data!K663 -> 14 | L663: =Raw_Data!L663 -> Pune-West | M663: =IF(COUNTIF($A$3:A663,A663)>1,"Duplicate","OK") -> OK | N663: =IF(AND( H663=ROUND(D663+E663+F663,0), I663=ROUND(H663-G663,0), I663>=0 ),"VALID","ERROR") -> VALID
A664: =Raw_Data!A664 -> EMP0696 | B664: =TRIM(CLEAN(Raw_Data!B664)) -> Customer Support | C664: Director | D664: =IF(ISBLANK(Raw_Data!D664),AVERAGE(Raw_Data!D$2:D$5002),Raw_Data!D664) -> 109117.22 | E664: =IF(ISBLANK(Raw_Data!E664),AVERAGE(Raw_Data!E$2:E$5002),Raw_Data!E664) -> 32735.17 | F664: =IF(ISBLANK(Raw_Data!F664),AVERAGE(Raw_Data!F$2:F$5002),Raw_Data!F664) -> 390.99 | G664: =IF(ISBLANK(Raw_Data!G664),AVERAGE(Raw_Data!G$2:G$5002),Raw_Data!G664) -> 134.99 | H664: =ROUND(D664+E664+F664,0) -> 142243.00 | I664: =+ROUND(H664-G664,0) -> 142108.00 | J664: =TEXT(Raw_Data!J664,"MMM-YYY") -> Dec-2025 | K664: =Raw_Data!K664 -> 4 | L664: =Raw_Data!L664 -> Hyderabad-South | M664: =IF(COUNTIF($A$3:A664,A664)>1,"Duplicate","OK") -> OK | N664: =IF(AND( H664=ROUND(D664+E664+F664,0), I664=ROUND(H664-G664,0), I664>=0 ),"VALID","ERROR") -> VALID
A665: =Raw_Data!A665 -> EMP0697 | B665: =TRIM(CLEAN(Raw_Data!B665)) -> Finance | C665: Executive | D665: =IF(ISBLANK(Raw_Data!D665),AVERAGE(Raw_Data!D$2:D$5002),Raw_Data!D665) -> 28103.02 | E665: =IF(ISBLANK(Raw_Data!E665),AVERAGE(Raw_Data!E$2:E$5002),Raw_Data!E665) -> 8430.91 | F665: =IF(ISBLANK(Raw_Data!F665),AVERAGE(Raw_Data!F$2:F$5002),Raw_Data!F665) -> 1935.45 | G665: =IF(ISBLANK(Raw_Data!G665),AVERAGE(Raw_Data!G$2:G$5002),Raw_Data!G665) -> 1087.00 | H665: =ROUND(D665+E665+F665,0) -> 38469.00 | I665: =+ROUND(H665-G665,0) -> 37382.00 | J665: =TEXT(Raw_Data!J665,"MMM-YYY") -> Jul-2025 | K665: =Raw_Data!K665 -> 25 | L665: =Raw_Data!L665 -> Chandigarh-North | M665: =IF(COUNTIF($A$3:A665,A665)>1,"Duplicate","OK") -> OK | N665: =IF(AND( H665=ROUND(D665+E665+F665,0), I665=ROUND(H665-G665,0), I665>=0 ),"VALID","ERROR") -> VALID
A666: =Raw_Data!A666 -> EMP0698 | B666: =TRIM(CLEAN(Raw_Data!B666)) -> Operations | C666: Manager | D666: =IF(ISBLANK(Raw_Data!D666),AVERAGE(Raw_Data!D$2:D$5002),Raw_Data!D666) -> 50510.07 | E666: =IF(ISBLANK(Raw_Data!E666),AVERAGE(Raw_Data!E$2:E$5002),Raw_Data!E666) -> 15153.02 | F666: =IF(ISBLANK(Raw_Data!F666),AVERAGE(Raw_Data!F$2:F$5002),Raw_Data!F666) -> 659.53 | G666: =IF(ISBLANK(Raw_Data!G666),AVERAGE(Raw_Data!G$2:G$5002),Raw_Data!G666) -> 692.77 | H666: =ROUND(D666+E666+F666,0) -> 66323.00 | I666: =+ROUND(H666-G666,0) -> 65630.00 | J666: =TEXT(Raw_Data!J666,"MMM-YYY") -> May-2025 | K666: =Raw_Data!K666 -> 21 | L666: =Raw_Data!L666 -> Ahmedabad-West | M666: =IF(COUNTIF($A$3:A666,A666)>1,"Duplicate","OK") -> OK | N666: =IF(AND( H666=ROUND(D666+E666+F666,0), I666=ROUND(H666-G666,0), I666>=0 ),"VALID","ERROR") -> VALID
A667: =Raw_Data!A667 -> EMP0699 | B667: =TRIM(CLEAN(Raw_Data!B667)) -> Marketing | C667: Sr. Manager | D667: =IF(ISBLANK(Raw_Data!D667),AVERAGE(Raw_Data!D$2:D$5002),Raw_Data!D667) -> 78527.50 | E667: =IF(ISBLANK(Raw_Data!E667),AVERAGE(Raw_Data!E$2:E$5002),Raw_Data!E667) -> 23558.25 | F667: =IF(ISBLANK(Raw_Data!F667),AVERAGE(Raw_Data!F$2:F$5002),Raw_Data!F667) -> 8231.53 | G667: =IF(ISBLANK(Raw_Data!G667),AVERAGE(Raw_Data!G$2:G$5002),Raw_Data!G667) -> 10216.39 | H667: =ROUND(D667+E667+F667,0) -> 110317.00 | I667: =+ROUND(H667-G667,0) -> 100101.00 | J667: =TEXT(Raw_Data!J667,"MMM-YYY") -> Nov-2025 | K667: =Raw_Data!K667 -> 19 | L667: =Raw_Data!L667 -> Jaipur-North | M667: =IF(COUNTIF($A$3:A667,A667)>1,"Duplicate","OK") -> OK | N667: =IF(AND( H667=ROUND(D667+E667+F667,0), I667=ROUND(H667-G667,0), I667>=0 ),"VALID","ERROR") -> VALID
A668: =Raw_Data!A668 -> EMP0701 | B668: =TRIM(CLEAN(Raw_Data!B668)) -> Customer Support | C668: Team Lead | D668: =IF(ISBLANK(Raw_Data!D668),AVERAGE(Raw_Data!D$2:D$5002),Raw_Data!D668) -> 35267.75 | E668: =IF(ISBLANK(Raw_Data!E668),AVERAGE(Raw_Data!E$2:E$5002),Raw_Data!E668) -> 10580.32 | F668: =IF(ISBLANK(Raw_Data!F668),AVERAGE(Raw_Data!F$2:F$5002),Raw_Data!F668) -> 1582.26 | G668: =IF(ISBLANK(Raw_Data!G668),AVERAGE(Raw_Data!G$2:G$5002),Raw_Data!G668) -> 10420.35 | H668: =ROUND(D668+E668+F668,0) -> 47430.00 | I668: =+ROUND(H668-G668,0) -> 37010.00 | J668: =TEXT(Raw_Data!J668,"MMM-YYY") -> Apr-2025 | K668: =Raw_Data!K668 -> 18 | L668: =Raw_Data!L668 -> Delhi-North | M668: =IF(COUNTIF($A$3:A668,A668)>1,"Duplicate","OK") -> OK | N668: =IF(AND( H668=ROUND(D668+E668+F668,0), I668=ROUND(H668-G668,0), I668>=0 ),"VALID","ERROR") -> VALID
A669: =Raw_Data!A669 -> EMP0702 | B669: =TRIM(CLEAN(Raw_Data!B669)) -> Sales | C669: Associate | D669: =IF(ISBLANK(Raw_Data!D669),AVERAGE(Raw_Data!D$2:D$5002),Raw_Data!D669) -> 22245.79 | E669: =IF(ISBLANK(Raw_Data!E669),AVERAGE(Raw_Data!E$2:E$5002),Raw_Data!E669) -> 6673.74 | F669: =IF(ISBLANK(Raw_Data!F669),AVERAGE(Raw_Data!F$2:F$5002),Raw_Data!F669) -> 751.84 | G669: =IF(ISBLANK(Raw_Data!G669),AVERAGE(Raw_Data!G$2:G$5002),Raw_Data!G669) -> 2446.53 | H669: =ROUND(D669+E669+F669,0) -> 29671.00 | I669: =+ROUND(H669-G669,0) -> 27224.00 | J669: =TEXT(Raw_Data!J669,"MMM-YYY") -> Nov-2025 | K669: =Raw_Data!K669 -> 6 | L669: =Raw_Data!L669 -> Bangalore-South | M669: =IF(COUNTIF($A$3:A669,A669)>1,"Duplicate","OK") -> OK | N669: =IF(AND( H669=ROUND(D669+E669+F669,0), I669=ROUND(H669-G669,0), I669>=0 ),"VALID","ERROR") -> VALID
A670: =Raw_Data!A670 -> EMP0703 | B670: =TRIM(CLEAN(Raw_Data!B670)) -> Customer Support | C670: Associate | D670: =IF(ISBLANK(Raw_Data!D670),AVERAGE(Raw_Data!D$2:D$5002),Raw_Data!D670) -> 20701.39 | E670: =IF(ISBLANK(Raw_Data!E670),AVERAGE(Raw_Data!E$2:E$5002),Raw_Data!E670) -> 6210.42 | F670: =IF(ISBLANK(Raw_Data!F670),AVERAGE(Raw_Data!F$2:F$5002),Raw_Data!F670) -> 2651.11 | G670: =IF(ISBLANK(Raw_Data!G670),AVERAGE(Raw_Data!G$2:G$5002),Raw_Data!G670) -> 4789.78 | H670: =ROUND(D670+E670+F670,0) -> 29563.00 | I670: =+ROUND(H670-G670,0) -> 24773.00 | J670: =TEXT(Raw_Data!J670,"MMM-YYY") -> Oct-2025 | K670: =Raw_Data!K670 -> 1 | L670: =Raw_Data!L670 -> Chennai-South | M670: =IF(COUNTIF($A$3:A670,A670)>1,"Duplicate","OK") -> OK | N670: =IF(AND( H670=ROUND(D670+E670+F670,0), I670=ROUND(H670-G670,0), I670>=0 ),"VALID","ERROR") -> VALID
A671: =Raw_Data!A671 -> EMP0704 | B671: =TRIM(CLEAN(Raw_Data!B671)) -> HR | C671: Manager | D671: =IF(ISBLANK(Raw_Data!D671),AVERAGE(Raw_Data!D$2:D$5002),Raw_Data!D671) -> 62904.24 | E671: =IF(ISBLANK(Raw_Data!E671),AVERAGE(Raw_Data!E$2:E$5002),Raw_Data!E671) -> 18871.27 | F671: =IF(ISBLANK(Raw_Data!F671),AVERAGE(Raw_Data!F$2:F$5002),Raw_Data!F671) -> 8328.14 | G671: =IF(ISBLANK(Raw_Data!G671),AVERAGE(Raw_Data!G$2:G$5002),Raw_Data!G671) -> 12333.65 | H671: =ROUND(D671+E671+F671,0) -> 90104.00 | I671: =+ROUND(H671-G671,0) -> 77770.00 | J671: =TEXT(Raw_Data!J671,"MMM-YYY") -> Jan-2025 | K671: =Raw_Data!K671 -> 11 | L671: =Raw_Data!L671 -> Kolkata-East | M671: =IF(COUNTIF($A$3:A671,A671)>1,"Duplicate","OK") -> OK | N671: =IF(AND( H671=ROUND(D671+E671+F671,0), I671=ROUND(H671-G671,0), I671>=0 ),"VALID","ERROR") -> VALID
A672: =Raw_Data!A672 -> EMP0705 | B672: =TRIM(CLEAN(Raw_Data!B672)) -> HR | C672: Sr. Manager | D672: =IF(ISBLANK(Raw_Data!D672),AVERAGE(Raw_Data!D$2:D$5002),Raw_Data!D672) -> 68010.54 | E672: =IF(ISBLANK(Raw_Data!E672),AVERAGE(Raw_Data!E$2:E$5002),Raw_Data!E672) -> 20403.16 | F672: =IF(ISBLANK(Raw_Data!F672),AVERAGE(Raw_Data!F$2:F$5002),Raw_Data!F672) -> 6043.61 | G672: =IF(ISBLANK(Raw_Data!G672),AVERAGE(Raw_Data!G$2:G$5002),Raw_Data!G672) -> 2521.73 | H672: =ROUND(D672+E672+F672,0) -> 94457.00 | I672: =+ROUND(H672-G672,0) -> 91935.00 | J672: =TEXT(Raw_Data!J672,"MMM-YYY") -> May-2025 | K672: =Raw_Data!K672 -> 5 | L672: =Raw_Data!L672 -> Pune-West | M672: =IF(COUNTIF($A$3:A672,A672)>1,"Duplicate","OK") -> OK | N672: =IF(AND( H672=ROUND(D672+E672+F672,0), I672=ROUND(H672-G672,0), I672>=0 ),"VALID","ERROR") -> VALID
A673: =Raw_Data!A673 -> EMP0706 | B673: =TRIM(CLEAN(Raw_Data!B673)) -> Marketing | C673: Sr. Manager | D673: =IF(ISBLANK(Raw_Data!D673),AVERAGE(Raw_Data!D$2:D$5002),Raw_Data!D673) -> 68981.30 | E673: =IF(ISBLANK(Raw_Data!E673),AVERAGE(Raw_Data!E$2:E$5002),Raw_Data!E673) -> 20694.39 | F673: =IF(ISBLANK(Raw_Data!F673),AVERAGE(Raw_Data!F$2:F$5002),Raw_Data!F673) -> 9591.05 | G673: =IF(ISBLANK(Raw_Data!G673),AVERAGE(Raw_Data!G$2:G$5002),Raw_Data!G673) -> 13043.91 | H673: =ROUND(D673+E673+F673,0) -> 99267.00 | I673: =+ROUND(H673-G673,0) -> 86223.00 | J673: =TEXT(Raw_Data!J673,"MMM-YYY") -> May-2025 | K673: =Raw_Data!K673 -> 22 | L673: =Raw_Data!L673 -> Hyderabad-South | M673: =IF(COUNTIF($A$3:A673,A673)>1,"Duplicate","OK") -> OK | N673: =IF(AND( H673=ROUND(D673+E673+F673,0), I673=ROUND(H673-G673,0), I673>=0 ),"VALID","ERROR") -> VALID
A674: =Raw_Data!A674 -> EMP0707 | B674: =TRIM(CLEAN(Raw_Data!B674)) -> Marketing | C674: Sr. Manager | D674: =IF(ISBLANK(Raw_Data!D674),AVERAGE(Raw_Data!D$2:D$5002),Raw_Data!D674) -> 67625.48 | E674: =IF(ISBLANK(Raw_Data!E674),AVERAGE(Raw_Data!E$2:E$5002),Raw_Data!E674) -> 20287.64 | F674: =IF(ISBLANK(Raw_Data!F674),AVERAGE(Raw_Data!F$2:F$5002),Raw_Data!F674) -> 7037.23 | G674: =IF(ISBLANK(Raw_Data!G674),AVERAGE(Raw_Data!G$2:G$5002),Raw_Data!G674) -> 12635.10 | H674: =ROUND(D674+E674+F674,0) -> 94950.00 | I674: =+ROUND(H674-G674,0) -> 82315.00 | J674: =TEXT(Raw_Data!J674,"MMM-YYY") -> Dec-2025 | K674: =Raw_Data!K674 -> 1 | L674: =Raw_Data!L674 -> Chandigarh-North | M674: =IF(COUNTIF($A$3:A674,A674)>1,"Duplicate","OK") -> OK | N674: =IF(AND( H674=ROUND(D674+E674+F674,0), I674=ROUND(H674-G674,0), I674>=0 ),"VALID","ERROR") -> VALID
... A823: =Raw_Data!A823 -> EMP0864 | B823: =TRIM(CLEAN(Raw_Data!B823)) -> Operations | C823: Team Lead | D823: =IF(ISBLANK(Raw_Data!D823),AVERAGE(Raw_Data!D$2:D$5002),Raw_Data!D823) -> 45779.54 | E823: =IF(ISBLANK(Raw_Data!E823),AVERAGE(Raw_Data!E$2:E$5002),Raw_Data!E823) -> 13733.86 | F823: =IF(ISBLANK(Raw_Data!F823),AVERAGE(Raw_Data!F$2:F$5002),Raw_Data!F823) -> 6935.36 | G823: =IF(ISBLANK(Raw_Data!G823),AVERAGE(Raw_Data!G$2:G$5002),Raw_Data!G823) -> 13201.52 | H823: =ROUND(D823+E823+F823,0) -> 66449.00 | I823: =+ROUND(H823-G823,0) -> 53247.00 | J823: =TEXT(Raw_Data!J823,"MMM-YYY") -> Aug-2025 | K823: =Raw_Data!K823 -> 1 | L823: =Raw_Data!L823 -> Kolkata-East | M823: =IF(COUNTIF($A$3:A823,A823)>1,"Duplicate","OK") -> OK | N823: =IF(AND( H823=ROUND(D823+E823+F823,0), I823=ROUND(H823-G823,0), I823>=0 ),"VALID","ERROR") -> VALID
A824: =Raw_Data!A824 -> EMP0865 | B824: Operations | C824: Team Lead | D824: =IF(ISBLANK(Raw_Data!D824),AVERAGE(Raw_Data!D$2:D$5002),Raw_Data!D824) -> 47551.33 | E824: =IF(ISBLANK(Raw_Data!E824),AVERAGE(Raw_Data!E$2:E$5002),Raw_Data!E824) -> 14265.40 | F824: =IF(ISBLANK(Raw_Data!F824),AVERAGE(Raw_Data!F$2:F$5002),Raw_Data!F824) -> 8198.07 | G824: =IF(ISBLANK(Raw_Data!G824),AVERAGE(Raw_Data!G$2:G$5002),Raw_Data!G824) -> 6875.50 | H824: =ROUND(D824+E824+F824,0) -> 70015.00 | I824: =+ROUND(H824-G824,0) -> 63140.00 | J824: =TEXT(Raw_Data!J824,"MMM-YYY") -> May-2025 | K824: =Raw_Data!K824 -> 10 | L824: =Raw_Data!L824 -> Pune-West | M824: =IF(COUNTIF($A$3:A824,A824)>1,"Duplicate","OK") -> OK | N824: =IF(AND( H824=ROUND(D824+E824+F824,0), I824=ROUND(H824-G824,0), I824>=0 ),"VALID","ERROR") -> VALID
A825: =Raw_Data!A825 -> EMP0866 | B825: =TRIM(CLEAN(Raw_Data!B825)) -> HR | C825: Team Lead | D825: =IF(ISBLANK(Raw_Data!D825),AVERAGE(Raw_Data!D$2:D$5002),Raw_Data!D825) -> 43871.27 | E825: =IF(ISBLANK(Raw_Data!E825),AVERAGE(Raw_Data!E$2:E$5002),Raw_Data!E825) -> 13161.38 | F825: =IF(ISBLANK(Raw_Data!F825),AVERAGE(Raw_Data!F$2:F$5002),Raw_Data!F825) -> 8723.35 | G825: =IF(ISBLANK(Raw_Data!G825),AVERAGE(Raw_Data!G$2:G$5002),Raw_Data!G825) -> 8909.11 | H825: =ROUND(D825+E825+F825,0) -> 65756.00 | I825: =+ROUND(H825-G825,0) -> 56847.00 | J825: =TEXT(Raw_Data!J825,"MMM-YYY") -> Apr-2025 | K825: =Raw_Data!K825 -> 5 | L825: =Raw_Data!L825 -> Hyderabad-South | M825: =IF(COUNTIF($A$3:A825,A825)>1,"Duplicate","OK") -> OK | N825: =IF(AND( H825=ROUND(D825+E825+F825,0), I825=ROUND(H825-G825,0), I825>=0 ),"VALID","ERROR") -> VALID
...

Sheet Validation_Audit
A1: Validation Audit
A2: Audit built from the cleaned model logic and raw source. Raw_Data and Clean_Data were left untouched.
A4: Audit Metric | B4: Result | C4: Status | E4: ISSUELOG
A5: Raw rows | B5: 5000 | C5: RESOLVED | E5: Employee ID | F5: Issue Type | G5: Original Value | H5: Resolution
A6: Clean rows | B6: 4746 | C6: RESOLVED | E6: EMP0008 | F6: Gross Salary mismatch | G6: 46129.95 | H6: Recomputed from Basic + Allowances + Overtime
A7: Duplicate Employee IDs found | B7: 254 | C7: RESOLVED | E7: EMP0008 | F7: Net Salary mismatch | G7: 51129.95 | H7: Recomputed from Gross - Deductions
A8: Duplicate rows removed | B8: 254 | C8: RESOLVED | E8: EMP0023 | F8: Missing Deductions | H8: Filled with department average
A9: Missing Department fixed | B9: 30 | C9: RESOLVED | E9: EMP0023 | F9: Net Salary mismatch | G9: 30407.27 | H9: Recomputed from Gross - Deductions
A10: Missing Basic Pay fixed | B10: 90 | C10: RESOLVED | E10: EMP0041 | F10: Missing Deductions | H10: Filled with department average
A11: Missing Deductions fixed | B11: 90 | C11: RESOLVED | E11: EMP0041 | F11: Net Salary mismatch | G11: 110600.56 | H11: Recomputed from Gross - Deductions
A12: Gross salary mismatches corrected | B12: 3896 | C12: RESOLVED | E12: EMP0054 | F12: Missing Department | H12: Filled with mode/department logic: Marketing
A13: Net salary mismatches corrected | B13: 4028 | C13: RESOLVED | E13: EMP0055 | F13: Missing Basic Pay | H13: Filled with department average
A14: Post-clean missing cells | B14: 0 | C14: PASS | E14: EMP0055 | F14: Gross Salary mismatch | G14: 25731.7 | H14: Recomputed from Basic + Allowances + Overtime
A15: Post-clean duplicate IDs | B15: 0 | C15: PASS | E15: EMP0074 | F15: Missing Basic Pay | H15: Filled with department average
A16: Post-clean formula mismatches | B16: 0 | C16: PASS | E16: EMP0074 | F16: Gross Salary mismatch | G16: 112351.64 | H16: Recomputed from Basic + Allowances + Overtime
A17: Post-clean negative net salaries | B17: 0 | C17: PASS | E17: EMP0125 | F17: Missing Department | H17: Filled with mode/department logic: Marketing
E18: EMP0127 | F18: Gross Salary mismatch | G18: 33565.78 | H18: Recomputed from Basic + Allowances + Overtime
A19: Overall audit result | B19: =IF(SUM(B14:B16)=0,"PASS","CHECK") -> PASS | E19: EMP0127 | F19: Net Salary mismatch | G19: 38565.78 | H19: Recomputed from Gross - Deductions
E20: EMP0183 | F20: Gross Salary mismatch | G20: 78840.54 | H20: Recomputed from Basic + Allowances + Overtime
E21: EMP0183 | F21: Net Salary mismatch | G21: 83840.54 | H21: Recomputed from Gross - Deductions
E22: EMP0189 | F22: Missing Deductions | H22: Filled with department average
E23: EMP0189 | F23: Net Salary mismatch | G23: 37220.32 | H23: Recomputed from Gross - Deductions
E24: EMP0207 | F24: Missing Deductions | H24: Filled with department average
E25: EMP0207 | F25: Net Salary mismatch | G25: 93399.48 | H25: Recomputed from Gross - Deductions
E26: EMP0214 | F26: Missing Basic Pay | H26: Filled with department average
E27: EMP0214 | F27: Gross Salary mismatch | G27: 39259.94 | H27: Recomputed from Basic + Allowances + Overtime
E28: EMP0232 | F28: Missing Basic Pay | H28: Filled with department average
E29: EMP0232 | F29: Gross Salary mismatch | G29: 90055.01 | H29: Recomputed from Basic + Allowances + Overtime
E30: EMP0245 | F30: Missing Department | H30: Filled with mode/department logic: Marketing
E31: EMP0251 | F31: Missing Deductions | H31: Filled with department average
E32: EMP0251 | F32: Net Salary mismatch | G32: 36110.2 | H32: Recomputed from Gross - Deductions
E33: EMP0253 | F33: Missing Deductions | H33: Filled with department average
E34: EMP0253 | F34: Net Salary mismatch | G34: 26274.59 | H34: Recomputed from Gross - Deductions
E35: EMP0281 | F35: Missing Deductions | H35: Filled with department average
E36: EMP0281 | F36: Net Salary mismatch | G36: 45096.32 | H36: Recomputed from Gross - Deductions
E37: EMP0282 | F37: Missing Basic Pay | H37: Filled with department average
E38: EMP0282 | F38: Gross Salary mismatch | G38: 175085.23 | H38: Recomputed from Basic + Allowances + Overtime
E39: EMP0312 | F39: Gross Salary mismatch | G39: 50204.85 | H39: Recomputed from Basic + Allowances + Overtime
E40: EMP0312 | F40: Net Salary mismatch | G40: 55204.85 | H40: Recomputed from Gross - Deductions
E41: EMP0339 | F41: Missing Basic Pay | H41: Filled with department average
E42: EMP0339 | F42: Gross Salary mismatch | G42: 79080.4 | H42: Recomputed from Basic + Allowances + Overtime
E43: EMP0351 | F43: Missing Department | H43: Filled with mode/department logic: Marketing
E44: EMP0377 | F44: Missing Deductions | H44: Filled with department average
E45: EMP0377 | F45: Net Salary mismatch | G45: 31603.64 | H45: Recomputed from Gross - Deductions
E46: EMP0379 | F46: Missing Deductions | H46: Filled with department average
E47: EMP0379 | F47: Net Salary mismatch | G47: 52885.68 | H47: Recomputed from Gross - Deductions
E48: EMP0392 | F48: Missing Basic Pay | H48: Filled with department average
E49: EMP0392 | F49: Gross Salary mismatch | G49: 67910.12 | H49: Recomputed from Basic + Allowances + Overtime
E50: EMP0396 | F50: Missing Basic Pay | H50: Filled with department average
E51: EMP0396 | F51: Gross Salary mismatch | G51: 31746.05 | H51: Recomputed from Basic + Allowances + Overtime
E52: EMP0414 | F52: Missing Basic Pay | H52: Filled with department average
E53: EMP0414 | F53: Gross Salary mismatch | G53: 161888.87 | H53: Recomputed from Basic + Allowances + Overtime
E54: EMP0444 | F54: Missing Deductions | H54: Filled with department average
E55: EMP0444 | F55: Net Salary mismatch | G55: 87668.38 | H55: Recomputed from Gross - Deductions
E56: EMP0524 | F56: Missing Department | H56: Filled with mode/department logic: Marketing
E57: EMP0535 | F57: Gross Salary mismatch | G57: 16477.89 | H57: Recomputed from Basic + Allowances + Overtime
E58: EMP0535 | F58: Net Salary mismatch | G58: 21477.89 | H58: Recomputed from Gross - Deductions
E59: EMP0536 | F59: Missing Deductions | H59: Filled with department average
E60: EMP0536 | F60: Net Salary mismatch | G60: 84551.53 | H60: Recomputed from Gross - Deductions
E61: EMP0543 | F61: Gross Salary mismatch | G61: 55924.64 | H61: Recomputed from Basic + Allowances + Overtime
E62: EMP0543 | F62: Net Salary mismatch | G62: 60924.64 | H62: Recomputed from Gross - Deductions
E63: EMP0555 | F63: Missing Deductions | H63: Filled with department average
E64: EMP0555 | F64: Net Salary mismatch | G64: 27136.31 | H64: Recomputed from Gross - Deductions
E65: EMP0571 | F65: Missing Deductions | H65: Filled with department average
E66: EMP0571 | F66: Net Salary mismatch | G66: 47053.93 | H66: Recomputed from Gross - Deductions
E67: EMP0589 | F67: Missing Deductions | H67: Filled with department average
E68: EMP0589 | F68: Net Salary mismatch | G68: 41093.66 | H68: Recomputed from Gross - Deductions
E69: EMP0621 | F69: Missing Basic Pay | H69: Filled with department average
E70: EMP0621 | F70: Gross Salary mismatch | G70: 118547.21 | H70: Recomputed from Basic + Allowances + Overtime
E71: EMP0644 | F71: Missing Deductions | H71: Filled with department average
E72: EMP0644 | F72: Net Salary mismatch | G72: 82984.89 | H72: Recomputed from Gross - Deductions
E73: EMP0694 | F73: Missing Department | H73: Filled with mode/department logic: Marketing
E74: EMP0734 | F74: Gross Salary mismatch | G74: 24927.24 | H74: Recomputed from Basic + Allowances + Overtime
E75: EMP0734 | F75: Net Salary mismatch | G75: 29927.24 | H75: Recomputed from Gross - Deductions
E76: EMP0742 | F76: Missing Basic Pay | H76: Filled with department average
E77: EMP0742 | F77: Gross Salary mismatch | G77: 102178.18 | H77: Recomputed from Basic + Allowances + Overtime
E78: EMP0752 | F78: Missing Basic Pay | H78: Filled with department average
E79: EMP0752 | F79: Gross Salary mismatch | G79: 47122.67 | H79: Recomputed from Basic + Allowances + Overtime
E80: EMP0793 | F80: Missing Basic Pay | H80: Filled with department average
E81: EMP0793 | F81: Gross Salary mismatch | G81: 45023.2 | H81: Recomputed from Basic + Allowances + Overtime
E82: EMP0799 | F82: Missing Basic Pay | H82: Filled with department average
E83: EMP0799 | F83: Gross Salary mismatch | G83: 119366.95 | H83: Recomputed from Basic + Allowances + Overtime
E84: EMP0802 | F84: Missing Deductions | H84: Filled with department average
E85: EMP0802 | F85: Net Salary mismatch | G85: 63666.05 | H85: Recomputed from Gross - Deductions
E86: EMP0814 | F86: Gross Salary mismatch | G86: 68423.07 | H86: Recomputed from Basic + Allowances + Overtime
E87: EMP0814 | F87: Net Salary mismatch | G87: 73423.07 | H87: Recomputed from Gross - Deductions
E88: EMP0856 | F88: Missing Basic Pay | H88: Filled with department average
E89: EMP0856 | F89: Gross Salary mismatch | G89: 81927.29 | H89: Recomputed from Basic + Allowances + Overtime
E90: EMP0865 | F90: Missing Department | H90: Filled with mode/department logic: Marketing
E91: EMP0867 | F91: Missing Basic Pay | H91: Filled with department average
E92: EMP0867 | F92: Gross Salary mismatch | G92: 39918.27 | H92: Recomputed from Basic + Allowances + Overtime
E93: EMP0898 | F93: Missing Basic Pay | H93: Filled with department average
E94: EMP0898 | F94: Gross Salary mismatch | G94: 30812.78 | H94: Recomputed from Basic + Allowances + Overtime
E95: EMP0902 | F95: Gross Salary mismatch | G95: 35978.1 | H95: Recomputed from Basic + Allowances + Overtime
E96: EMP0902 | F96: Net Salary mismatch | G96: 40978.1 | H96: Recomputed from Gross - Deductions
E97: EMP0928 | F97: Gross Salary mismatch | G97: 19994.92 | H97: Recomputed from Basic + Allowances + Overtime
E98: EMP0928 | F98: Net Salary mismatch | G98: 24994.92 | H98: Recomputed from Gross - Deductions
E99: EMP0953 | F99: Missing Basic Pay | H99: Filled with department average
E100: EMP0953 | F100: Gross Salary mismatch | G100: 75145.41 | H100: Recomputed from Basic + Allowances + Overtime
E101: EMP0975 | F101: Gross Salary mismatch | G101: 44329.08 | H101: Recomputed from Basic + Allowances + Overtime
...

Sheet TDS
A1: TDS Analysis
A2: Indicative slab model for project analysis; linked to the cleaned payroll logic.
A4: Annual Gross From | B4: Annual Gross To | C4: Rate
A5: 0 | B5: 250000 | C5: 0
A6: 250000 | B6: 500000 | C6: 0.05
A7: 500000 | B7: 1000000 | C7: 0.2
A8: 1000000 | B8: Above | C8: 0.3
A10: Employee ID | B10: Department | C10: Designation | D10: Monthly Gross | E10: Annual Gross | F10: TDS Rate | G10: Annual TDS | H10: Monthly TDS | I10: Monthly Net After TDS
A11: EMP0001 | B11: Sales | C11: Associate | D11: 24634.11 | E11: =D11*12 -> ₹295,609.32 | F11: =IF(E11<=250000,0,IF(E11<=500000,5%,IF(E11<=1000000,20%,30%))) -> 5.0% | G11: =E11*F11 -> ₹14,780.47 | H11: =G11/12 -> ₹1,231.71 | I11: =23416.71-H11 -> ₹22,185.00
A12: EMP0002 | B12: HR | C12: Sr. Manager | D12: 118724.8 | E12: =D12*12 -> ₹1,424,697.60 | F12: =IF(E12<=250000,0,IF(E12<=500000,5%,IF(E12<=1000000,20%,30%))) -> 30.0% | G12: =E12*F12 -> ₹427,409.28 | H12: =G12/12 -> ₹35,617.44 | I12: =103798.8-H12 -> ₹68,181.36
A13: EMP0003 | B13: HR | C13: Associate | D13: 27424.83 | E13: =D13*12 -> ₹329,097.96 | F13: =IF(E13<=250000,0,IF(E13<=500000,5%,IF(E13<=1000000,20%,30%))) -> 5.0% | G13: =E13*F13 -> ₹16,454.90 | H13: =G13/12 -> ₹1,371.24 | I13: =27269-H13 -> ₹25,897.76
A14: EMP0004 | B14: Sales | C14: Sr. Manager | D14: 115188.48 | E14: =D14*12 -> ₹1,382,261.76 | F14: =IF(E14<=250000,0,IF(E14<=500000,5%,IF(E14<=1000000,20%,30%))) -> 30.0% | G14: =E14*F14 -> ₹414,678.53 | H14: =G14/12 -> ₹34,556.54 | I14: =103971.58-H14 -> ₹69,415.04
A15: EMP0005 | B15: Customer Support | C15: Director | D15: 131846.6 | E15: =D15*12 -> ₹1,582,159.20 | F15: =IF(E15<=250000,0,IF(E15<=500000,5%,IF(E15<=1000000,20%,30%))) -> 30.0% | G15: =E15*F15 -> ₹474,647.76 | H15: =G15/12 -> ₹39,553.98 | I15: =112947.84-H15 -> ₹73,393.86
A16: EMP0006 | B16: IT | C16: Executive | D16: 34711.89 | E16: =D16*12 -> ₹416,542.68 | F16: =IF(E16<=250000,0,IF(E16<=500000,5%,IF(E16<=1000000,20%,30%))) -> 5.0% | G16: =E16*F16 -> ₹20,827.13 | H16: =G16/12 -> ₹1,735.59 | I16: =33979.2-H16 -> ₹32,243.61
A17: EMP0007 | B17: HR | C17: Analyst | D17: 47559.36 | E17: =D17*12 -> ₹570,712.32 | F17: =IF(E17<=250000,0,IF(E17<=500000,5%,IF(E17<=1000000,20%,30%))) -> 20.0% | G17: =E17*F17 -> ₹114,142.46 | H17: =G17/12 -> ₹9,511.87 | I17: =39453.79-H17 -> ₹29,941.92
A18: EMP0008 | B18: Marketing | C18: Manager | D18: 70136.04 | E18: =D18*12 -> ₹841,632.48 | F18: =IF(E18<=250000,0,IF(E18<=500000,5%,IF(E18<=1000000,20%,30%))) -> 20.0% | G18: =E18*F18 -> ₹168,326.50 | H18: =G18/12 -> ₹14,027.21 | I18: =69019.12-H18 -> ₹54,991.91
A19: EMP0009 | B19: Customer Support | C19: Sr. Manager | D19: 119379.66 | E19: =D19*12 -> ₹1,432,555.92 | F19: =IF(E19<=250000,0,IF(E19<=500000,5%,IF(E19<=1000000,20%,30%))) -> 30.0% | G19: =E19*F19 -> ₹429,766.78 | H19: =G19/12 -> ₹35,813.90 | I19: =105335.88-H19 -> ₹69,521.98
A20: EMP0010 | B20: HR | C20: Associate | D20: 33108.61 | E20: =D20*12 -> ₹397,303.32 | F20: =IF(E20<=250000,0,IF(E20<=500000,5%,IF(E20<=1000000,20%,30%))) -> 5.0% | G20: =E20*F20 -> ₹19,865.17 | H20: =G20/12 -> ₹1,655.43 | I20: =26381.19-H20 -> ₹24,725.76
A21: EMP0011 | B21: Customer Support | C21: Associate | D21: 28838.45 | E21: =D21*12 -> ₹346,061.40 | F21: =IF(E21<=250000,0,IF(E21<=500000,5%,IF(E21<=1000000,20%,30%))) -> 5.0% | G21: =E21*F21 -> ₹17,303.07 | H21: =G21/12 -> ₹1,441.92 | I21: =23649.39-H21 -> ₹22,207.47
A22: EMP0012 | B22: IT | C22: Analyst | D22: 36670.35 | E22: =D22*12 -> ₹440,044.20 | F22: =IF(E22<=250000,0,IF(E22<=500000,5%,IF(E22<=1000000,20%,30%))) -> 5.0% | G22: =E22*F22 -> ₹22,002.21 | H22: =G22/12 -> ₹1,833.52 | I22: =29056.73-H22 -> ₹27,223.21
A23: EMP0013 | B23: HR | C23: Manager | D23: 79386.75 | E23: =D23*12 -> ₹952,641.00 | F23: =IF(E23<=250000,0,IF(E23<=500000,5%,IF(E23<=1000000,20%,30%))) -> 20.0% | G23: =E23*F23 -> ₹190,528.20 | H23: =G23/12 -> ₹15,877.35 | I23: =75242.37-H23 -> ₹59,365.02
A24: EMP0014 | B24: Marketing | C24: Analyst | D24: 49830.39 | E24: =D24*12 -> ₹597,964.68 | F24: =IF(E24<=250000,0,IF(E24<=500000,5%,IF(E24<=1000000,20%,30%))) -> 20.0% | G24: =E24*F24 -> ₹119,592.94 | H24: =G24/12 -> ₹9,966.08 | I24: =43999.92-H24 -> ₹34,033.84
A25: EMP0015 | B25: IT | C25: Director | D25: 154273.4 | E25: =D25*12 -> ₹1,851,280.80 | F25: =IF(E25<=250000,0,IF(E25<=500000,5%,IF(E25<=1000000,20%,30%))) -> 30.0% | G25: =E25*F25 -> ₹555,384.24 | H25: =G25/12 -> ₹46,282.02 | I25: =125265.59-H25 -> ₹78,983.57
A26: EMP0016 | B26: Marketing | C26: Analyst | D26: 38047.02 | E26: =D26*12 -> ₹456,564.24 | F26: =IF(E26<=250000,0,IF(E26<=500000,5%,IF(E26<=1000000,20%,30%))) -> 5.0% | G26: =E26*F26 -> ₹22,828.21 | H26: =G26/12 -> ₹1,902.35 | I26: =33680.55-H26 -> ₹31,778.20
A27: EMP0017 | B27: IT | C27: Executive | D27: 38295.39 | E27: =D27*12 -> ₹459,544.68 | F27: =IF(E27<=250000,0,IF(E27<=500000,5%,IF(E27<=1000000,20%,30%))) -> 5.0% | G27: =E27*F27 -> ₹22,977.23 | H27: =G27/12 -> ₹1,914.77 | I27: =30676.88-H27 -> ₹28,762.11
A28: EMP0018 | B28: Finance | C28: Analyst | D28: 38248.18 | E28: =D28*12 -> ₹458,978.16 | F28: =IF(E28<=250000,0,IF(E28<=500000,5%,IF(E28<=1000000,20%,30%))) -> 5.0% | G28: =E28*F28 -> ₹22,948.91 | H28: =G28/12 -> ₹1,912.41 | I28: =33980.08-H28 -> ₹32,067.67
A29: EMP0019 | B29: Operations | C29: Team Lead | D29: 65640.24 | E29: =D29*12 -> ₹787,682.88 | F29: =IF(E29<=250000,0,IF(E29<=500000,5%,IF(E29<=1000000,20%,30%))) -> 20.0% | G29: =E29*F29 -> ₹157,536.58 | H29: =G29/12 -> ₹13,128.05 | I29: =62510.35-H29 -> ₹49,382.30
A30: EMP0020 | B30: Operations | C30: Team Lead | D30: 47496.36 | E30: =D30*12 -> ₹569,956.32 | F30: =IF(E30<=250000,0,IF(E30<=500000,5%,IF(E30<=1000000,20%,30%))) -> 20.0% | G30: =E30*F30 -> ₹113,991.26 | H30: =G30/12 -> ₹9,499.27 | I30: =46303.18-H30 -> ₹36,803.91
A31: EMP0021 | B31: Finance | C31: Director | D31: 162503.97 | E31: =D31*12 -> ₹1,950,047.64 | F31: =IF(E31<=250000,0,IF(E31<=500000,5%,IF(E31<=1000000,20%,30%))) -> 30.0% | G31: =E31*F31 -> ₹585,014.29 | H31: =G31/12 -> ₹48,751.19 | I31: =149287.52-H31 -> ₹100,536.33
A32: EMP0022 | B32: Marketing | C32: Manager | D32: 69862.83 | E32: =D32*12 -> ₹838,353.96 | F32: =IF(E32<=250000,0,IF(E32<=500000,5%,IF(E32<=1000000,20%,30%))) -> 20.0% | G32: =E32*F32 -> ₹167,670.79 | H32: =G32/12 -> ₹13,972.57 | I32: =55860.54-H32 -> ₹41,887.97
A33: EMP0023 | B33: Sales | C33: Associate | D33: 32241.02 | E33: =D33*12 -> ₹386,892.24 | F33: =IF(E33<=250000,0,IF(E33<=500000,5%,IF(E33<=1000000,20%,30%))) -> 5.0% | G33: =E33*F33 -> ₹19,344.61 | H33: =G33/12 -> ₹1,612.05 | I33: =17913.64-H33 -> ₹16,301.59
A34: EMP0024 | B34: IT | C34: Associate | D34: 26783.37 | E34: =D34*12 -> ₹321,400.44 | F34: =IF(E34<=250000,0,IF(E34<=500000,5%,IF(E34<=1000000,20%,30%))) -> 5.0% | G34: =E34*F34 -> ₹16,070.02 | H34: =G34/12 -> ₹1,339.17 | I34: =26763.79-H34 -> ₹25,424.62
A35: EMP0025 | B35: Sales | C35: Analyst | D35: 50425.43 | E35: =D35*12 -> ₹605,105.16 | F35: =IF(E35<=250000,0,IF(E35<=500000,5%,IF(E35<=1000000,20%,30%))) -> 20.0% | G35: =E35*F35 -> ₹121,021.03 | H35: =G35/12 -> ₹10,085.09 | I35: =45137.59-H35 -> ₹35,052.50
A36: EMP0026 | B36: Customer Support | C36: Sr. Manager | D36: 103885.37 | E36: =D36*12 -> ₹1,246,624.44 | F36: =IF(E36<=250000,0,IF(E36<=500000,5%,IF(E36<=1000000,20%,30%))) -> 30.0% | G36: =E36*F36 -> ₹373,987.33 | H36: =G36/12 -> ₹31,165.61 | I36: =90592.85-H36 -> ₹59,427.24
A37: EMP0027 | B37: IT | C37: Director | D37: 142832.56 | E37: =D37*12 -> ₹1,713,990.72 | F37: =IF(E37<=250000,0,IF(E37<=500000,5%,IF(E37<=1000000,20%,30%))) -> 30.0% | G37: =E37*F37 -> ₹514,197.22 | H37: =G37/12 -> ₹42,849.77 | I37: =116317.44-H37 -> ₹73,467.67
A38: EMP0028 | B38: Operations | C38: Analyst | D38: 39520.54 | E38: =D38*12 -> ₹474,246.48 | F38: =IF(E38<=250000,0,IF(E38<=500000,5%,IF(E38<=1000000,20%,30%))) -> 5.0% | G38: =E38*F38 -> ₹23,712.32 | H38: =G38/12 -> ₹1,976.03 | I38: =36266.12-H38 -> ₹34,290.09
A39: EMP0029 | B39: Finance | C39: Associate | D39: 27893.84 | E39: =D39*12 -> ₹334,726.08 | F39: =IF(E39<=250000,0,IF(E39<=500000,5%,IF(E39<=1000000,20%,30%))) -> 5.0% | G39: =E39*F39 -> ₹16,736.30 | H39: =G39/12 -> ₹1,394.69 | I39: =27427.58-H39 -> ₹26,032.89
A40: EMP0030 | B40: Marketing | C40: Director | D40: 134309.01 | E40: =D40*12 -> ₹1,611,708.12 | F40: =IF(E40<=250000,0,IF(E40<=500000,5%,IF(E40<=1000000,20%,30%))) -> 30.0% | G40: =E40*F40 -> ₹483,512.44 | H40: =G40/12 -> ₹40,292.70 | I40: =113059.02-H40 -> ₹72,766.32
A41: EMP0031 | B41: Sales | C41: Team Lead | D41: 64326.31 | E41: =D41*12 -> ₹771,915.72 | F41: =IF(E41<=250000,0,IF(E41<=500000,5%,IF(E41<=1000000,20%,30%))) -> 20.0% | G41: =E41*F41 -> ₹154,383.14 | H41: =G41/12 -> ₹12,865.26 | I41: =56687.3-H41 -> ₹43,822.04
A42: EMP0032 | B42: Marketing | C42: Executive | D42: 43784.71 | E42: =D42*12 -> ₹525,416.52 | F42: =IF(E42<=250000,0,IF(E42<=500000,5%,IF(E42<=1000000,20%,30%))) -> 20.0% | G42: =E42*F42 -> ₹105,083.30 | H42: =G42/12 -> ₹8,756.94 | I42: =37539.8-H42 -> ₹28,782.86
A43: EMP0033 | B43: IT | C43: Team Lead | D43: 69971.7 | E43: =D43*12 -> ₹839,660.40 | F43: =IF(E43<=250000,0,IF(E43<=500000,5%,IF(E43<=1000000,20%,30%))) -> 20.0% | G43: =E43*F43 -> ₹167,932.08 | H43: =G43/12 -> ₹13,994.34 | I43: =63540.55-H43 -> ₹49,546.21
A44: EMP0034 | B44: Marketing | C44: Associate | D44: 25973.75 | E44: =D44*12 -> ₹311,685.00 | F44: =IF(E44<=250000,0,IF(E44<=500000,5%,IF(E44<=1000000,20%,30%))) -> 5.0% | G44: =E44*F44 -> ₹15,584.25 | H44: =G44/12 -> ₹1,298.69 | I44: =25848.9-H44 -> ₹24,550.21
A45: EMP0035 | B45: Finance | C45: Manager | D45: 64348.3 | E45: =D45*12 -> ₹772,179.60 | F45: =IF(E45<=250000,0,IF(E45<=500000,5%,IF(E45<=1000000,20%,30%))) -> 20.0% | G45: =E45*F45 -> ₹154,435.92 | H45: =G45/12 -> ₹12,869.66 | I45: =55077.92-H45 -> ₹42,208.26
A46: EMP0037 | B46: Marketing | C46: Executive | D46: 38638.09 | E46: =D46*12 -> ₹463,657.08 | F46: =IF(E46<=250000,0,IF(E46<=500000,5%,IF(E46<=1000000,20%,30%))) -> 5.0% | G46: =E46*F46 -> ₹23,182.85 | H46: =G46/12 -> ₹1,931.90 | I46: =31558.22-H46 -> ₹29,626.32
A47: EMP0038 | B47: Marketing | C47: Executive | D47: 42244.13 | E47: =D47*12 -> ₹506,929.56 | F47: =IF(E47<=250000,0,IF(E47<=500000,5%,IF(E47<=1000000,20%,30%))) -> 20.0% | G47: =E47*F47 -> ₹101,385.91 | H47: =G47/12 -> ₹8,448.83 | I47: =40593.01-H47 -> ₹32,144.18
A48: EMP0039 | B48: Sales | C48: Team Lead | D48: 55233.76 | E48: =D48*12 -> ₹662,805.12 | F48: =IF(E48<=250000,0,IF(E48<=500000,5%,IF(E48<=1000000,20%,30%))) -> 20.0% | G48: =E48*F48 -> ₹132,561.02 | H48: =G48/12 -> ₹11,046.75 | I48: =44878.04-H48 -> ₹33,831.29
A49: EMP0040 | B49: Sales | C49: Sr. Manager | D49: 119547.89 | E49: =D49*12 -> ₹1,434,574.68 | F49: =IF(E49<=250000,0,IF(E49<=500000,5%,IF(E49<=1000000,20%,30%))) -> 30.0% | G49: =E49*F49 -> ₹430,372.40 | H49: =G49/12 -> ₹35,864.37 | I49: =108606.06-H49 -> ₹72,741.69
A50: EMP0041 | B50: Customer Support | C50: Director | D50: 125713.15 | E50: =D50*12 -> ₹1,508,557.80 | F50: =IF(E50<=250000,0,IF(E50<=500000,5%,IF(E50<=1000000,20%,30%))) -> 30.0% | G50: =E50*F50 -> ₹452,567.34 | H50: =G50/12 -> ₹37,713.95 | I50: =111078.71-H50 -> ₹73,364.77
A51: EMP0042 | B51: Marketing | C51: Executive | D51: 33008.17 | E51: =D51*12 -> ₹396,098.04 | F51: =IF(E51<=250000,0,IF(E51<=500000,5%,IF(E51<=1000000,20%,30%))) -> 5.0% | G51: =E51*F51 -> ₹19,804.90 | H51: =G51/12 -> ₹1,650.41 | I51: =26235.68-H51 -> ₹24,585.27
A52: EMP0043 | B52: Customer Support | C52: Director | D52: 159425.01 | E52: =D52*12 -> ₹1,913,100.12 | F52: =IF(E52<=250000,0,IF(E52<=500000,5%,IF(E52<=1000000,20%,30%))) -> 30.0% | G52: =E52*F52 -> ₹573,930.04 | H52: =G52/12 -> ₹47,827.50 | I52: =135788.38-H52 -> ₹87,960.88
A53: EMP0044 | B53: Customer Support | C53: Associate | D53: 37097.33 | E53: =D53*12 -> ₹445,167.96 | F53: =IF(E53<=250000,0,IF(E53<=500000,5%,IF(E53<=1000000,20%,30%))) -> 5.0% | G53: =E53*F53 -> ₹22,258.40 | H53: =G53/12 -> ₹1,854.87 | I53: =30738.03-H53 -> ₹28,883.16
A54: EMP0045 | B54: Marketing | C54: Team Lead | D54: 61478.66 | E54: =D54*12 -> ₹737,743.92 | F54: =IF(E54<=250000,0,IF(E54<=500000,5%,IF(E54<=1000000,20%,30%))) -> 20.0% | G54: =E54*F54 -> ₹147,548.78 | H54: =G54/12 -> ₹12,295.73 | I54: =50178.54-H54 -> ₹37,882.81
A55: EMP0046 | B55: Marketing | C55: Associate | D55: 33953.5 | E55: =D55*12 -> ₹407,442.00 | F55: =IF(E55<=250000,0,IF(E55<=500000,5%,IF(E55<=1000000,20%,30%))) -> 5.0% | G55: =E55*F55 -> ₹20,372.10 | H55: =G55/12 -> ₹1,697.68 | I55: =28050.81-H55 -> ₹26,353.14
A56: EMP0047 | B56: IT | C56: Team Lead | D56: 64716.32 | E56: =D56*12 -> ₹776,595.84 | F56: =IF(E56<=250000,0,IF(E56<=500000,5%,IF(E56<=1000000,20%,30%))) -> 20.0% | G56: =E56*F56 -> ₹155,319.17 | H56: =G56/12 -> ₹12,943.26 | I56: =54199.16-H56 -> ₹41,255.90
A57: EMP0048 | B57: Sales | C57: Team Lead | D57: 50522.87 | E57: =D57*12 -> ₹606,274.44 | F57: =IF(E57<=250000,0,IF(E57<=500000,5%,IF(E57<=1000000,20%,30%))) -> 20.0% | G57: =E57*F57 -> ₹121,254.89 | H57: =G57/12 -> ₹10,104.57 | I57: =39721.62-H57 -> ₹29,617.05
A58: EMP0049 | B58: Sales | C58: Manager | D58: 62817.67 | E58: =D58*12 -> ₹753,812.04 | F58: =IF(E58<=250000,0,IF(E58<=500000,5%,IF(E58<=1000000,20%,30%))) -> 20.0% | G58: =E58*F58 -> ₹150,762.41 | H58: =G58/12 -> ₹12,563.53 | I58: =62124.24-H58 -> ₹49,560.71
A59: EMP0050 | B59: Operations | C59: Director | D59: 143098.05 | E59: =D59*12 -> ₹1,717,176.60 | F59: =IF(E59<=250000,0,IF(E59<=500000,5%,IF(E59<=1000000,20%,30%))) -> 30.0% | G59: =E59*F59 -> ₹515,152.98 | H59: =G59/12 -> ₹42,929.42 | I59: =126473.69-H59 -> ₹83,544.28
A60: EMP0051 | B60: HR | C60: Manager | D60: 68057.52 | E60: =D60*12 -> ₹816,690.24 | F60: =IF(E60<=250000,0,IF(E60<=500000,5%,IF(E60<=1000000,20%,30%))) -> 20.0% | G60: =E60*F60 -> ₹163,338.05 | H60: =G60/12 -> ₹13,611.50 | I60: =62458.37-H60 -> ₹48,846.87
A61: EMP0052 | B61: Finance | C61: Manager | D61: 79311.82 | E61: =D61*12 -> ₹951,741.84 | F61: =IF(E61<=250000,0,IF(E61<=500000,5%,IF(E61<=1000000,20%,30%))) -> 20.0% | G61: =E61*F61 -> ₹190,348.37 | H61: =G61/12 -> ₹15,862.36 | I61: =72306.4-H61 -> ₹56,444.04
A62: EMP0053 | B62: Operations | C62: Manager | D62: 68546.95 | E62: =D62*12 -> ₹822,563.40 | F62: =IF(E62<=250000,0,IF(E62<=500000,5%,IF(E62<=1000000,20%,30%))) -> 20.0% | G62: =E62*F62 -> ₹164,512.68 | H62: =G62/12 -> ₹13,709.39 | I62: =58361.49-H62 -> ₹44,652.10
A63: EMP0054 | B63: Marketing | C63: Analyst | D63: 41535.36 | E63: =D63*12 -> ₹498,424.32 | F63: =IF(E63<=250000,0,IF(E63<=500000,5%,IF(E63<=1000000,20%,30%))) -> 5.0% | G63: =E63*F63 -> ₹24,921.22 | H63: =G63/12 -> ₹2,076.77 | I63: =38929.18-H63 -> ₹36,852.41
A64: EMP0055 | B64: Customer Support | C64: Associate | D64: 79444.81 | E64: =D64*12 -> ₹953,337.72 | F64: =IF(E64<=250000,0,IF(E64<=500000,5%,IF(E64<=1000000,20%,30%))) -> 20.0% | G64: =E64*F64 -> ₹190,667.54 | H64: =G64/12 -> ₹15,888.96 | I64: =76393.32-H64 -> ₹60,504.36
A65: EMP0056 | B65: HR | C65: Manager | D65: 66078.12 | E65: =D65*12 -> ₹792,937.44 | F65: =IF(E65<=250000,0,IF(E65<=500000,5%,IF(E65<=1000000,20%,30%))) -> 20.0% | G65: =E65*F65 -> ₹158,587.49 | H65: =G65/12 -> ₹13,215.62 | I65: =52404.91-H65 -> ₹39,189.29
A66: EMP0057 | B66: Finance | C66: Analyst | D66: 38645.51 | E66: =D66*12 -> ₹463,746.12 | F66: =IF(E66<=250000,0,IF(E66<=500000,5%,IF(E66<=1000000,20%,30%))) -> 5.0% | G66: =E66*F66 -> ₹23,187.31 | H66: =G66/12 -> ₹1,932.28 | I66: =34106.95-H66 -> ₹32,174.67
A67: EMP0058 | B67: Operations | C67: Director | D67: 147783.74 | E67: =D67*12 -> ₹1,773,404.88 | F67: =IF(E67<=250000,0,IF(E67<=500000,5%,IF(E67<=1000000,20%,30%))) -> 30.0% | G67: =E67*F67 -> ₹532,021.46 | H67: =G67/12 -> ₹44,335.12 | I67: =119950.77-H67 -> ₹75,615.65
A68: EMP0059 | B68: Sales | C68: Associate | D68: 32853.41 | E68: =D68*12 -> ₹394,240.92 | F68: =IF(E68<=250000,0,IF(E68<=500000,5%,IF(E68<=1000000,20%,30%))) -> 5.0% | G68: =E68*F68 -> ₹19,712.05 | H68: =G68/12 -> ₹1,642.67 | I68: =31996-H68 -> ₹30,353.33
A69: EMP0060 | B69: Sales | C69: Manager | D69: 64830.96 | E69: =D69*12 -> ₹777,971.52 | F69: =IF(E69<=250000,0,IF(E69<=500000,5%,IF(E69<=1000000,20%,30%))) -> 20.0% | G69: =E69*F69 -> ₹155,594.30 | H69: =G69/12 -> ₹12,966.19 | I69: =61810.65-H69 -> ₹48,844.46
A70: EMP0061 | B70: Finance | C70: Sr. Manager | D70: 110239.67 | E70: =D70*12 -> ₹1,322,876.04 | F70: =IF(E70<=250000,0,IF(E70<=500000,5%,IF(E70<=1000000,20%,30%))) -> 30.0% | G70: =E70*F70 -> ₹396,862.81 | H70: =G70/12 -> ₹33,071.90 | I70: =98296.5-H70 -> ₹65,224.60
A71: EMP0062 | B71: HR | C71: Sr. Manager | D71: 103023.12 | E71: =D71*12 -> ₹1,236,277.44 | F71: =IF(E71<=250000,0,IF(E71<=500000,5%,IF(E71<=1000000,20%,30%))) -> 30.0% | G71: =E71*F71 -> ₹370,883.23 | H71: =G71/12 -> ₹30,906.94 | I71: =102942.26-H71 -> ₹72,035.32
A72: EMP0063 | B72: Sales | C72: Analyst | D72: 36952.53 | E72: =D72*12 -> ₹443,430.36 | F72: =IF(E72<=250000,0,IF(E72<=500000,5%,IF(E72<=1000000,20%,30%))) -> 5.0% | G72: =E72*F72 -> ₹22,171.52 | H72: =G72/12 -> ₹1,847.63 | I72: =31317.95-H72 -> ₹29,470.32
A73: EMP0064 | B73: HR | C73: Associate | D73: 27379.16 | E73: =D73*12 -> ₹328,549.92 | F73: =IF(E73<=250000,0,IF(E73<=500000,5%,IF(E73<=1000000,20%,30%))) -> 5.0% | G73: =E73*F73 -> ₹16,427.50 | H73: =G73/12 -> ₹1,368.96 | I73: =22351.03-H73 -> ₹20,982.07
A74: EMP0065 | B74: HR | C74: Director | D74: 145693.57 | E74: =D74*12 -> ₹1,748,322.84 | F74: =IF(E74<=250000,0,IF(E74<=500000,5%,IF(E74<=1000000,20%,30%))) -> 30.0% | G74: =E74*F74 -> ₹524,496.85 | H74: =G74/12 -> ₹43,708.07 | I74: =132375.54-H74 -> ₹88,667.47
A75: EMP0066 | B75: IT | C75: Analyst | D75: 49598.76 | E75: =D75*12 -> ₹595,185.12 | F75: =IF(E75<=250000,0,IF(E75<=500000,5%,IF(E75<=1000000,20%,30%))) -> 20.0% | G75: =E75*F75 -> ₹119,037.02 | H75: =G75/12 -> ₹9,919.75 | I75: =40822.22-H75 -> ₹30,902.47
A76: EMP0067 | B76: Finance | C76: Sr. Manager | D76: 94403.8 | E76: =D76*12 -> ₹1,132,845.60 | F76: =IF(E76<=250000,0,IF(E76<=500000,5%,IF(E76<=1000000,20%,30%))) -> 30.0% | G76: =E76*F76 -> ₹339,853.68 | H76: =G76/12 -> ₹28,321.14 | I76: =77673.17-H76 -> ₹49,352.03
A77: EMP0068 | B77: Operations | C77: Sr. Manager | D77: 102559.69 | E77: =D77*12 -> ₹1,230,716.28 | F77: =IF(E77<=250000,0,IF(E77<=500000,5%,IF(E77<=1000000,20%,30%))) -> 30.0% | G77: =E77*F77 -> ₹369,214.88 | H77: =G77/12 -> ₹30,767.91 | I77: =84657.58-H77 -> ₹53,889.67
A78: EMP0069 | B78: Marketing | C78: Associate | D78: 28645.75 | E78: =D78*12 -> ₹343,749.00 | F78: =IF(E78<=250000,0,IF(E78<=500000,5%,IF(E78<=1000000,20%,30%))) -> 5.0% | G78: =E78*F78 -> ₹17,187.45 | H78: =G78/12 -> ₹1,432.29 | I78: =24117.75-H78 -> ₹22,685.46
A79: EMP0070 | B79: Customer Support | C79: Sr. Manager | D79: 127887.9 | E79: =D79*12 -> ₹1,534,654.80 | F79: =IF(E79<=250000,0,IF(E79<=500000,5%,IF(E79<=1000000,20%,30%))) -> 30.0% | G79: =E79*F79 -> ₹460,396.44 | H79: =G79/12 -> ₹38,366.37 | I79: =120887-H79 -> ₹82,520.63
A80: EMP0071 | B80: HR | C80: Team Lead | D80: 69480.32 | E80: =D80*12 -> ₹833,763.84 | F80: =IF(E80<=250000,0,IF(E80<=500000,5%,IF(E80<=1000000,20%,30%))) -> 20.0% | G80: =E80*F80 -> ₹166,752.77 | H80: =G80/12 -> ₹13,896.06 | I80: =66329.97-H80 -> ₹52,433.91
A81: EMP0072 | B81: IT | C81: Analyst | D81: 48953.49 | E81: =D81*12 -> ₹587,441.88 | F81: =IF(E81<=250000,0,IF(E81<=500000,5%,IF(E81<=1000000,20%,30%))) -> 20.0% | G81: =E81*F81 -> ₹117,488.38 | H81: =G81/12 -> ₹9,790.70 | I81: =46732.81-H81 -> ₹36,942.11
A82: EMP0073 | B82: Finance | C82: Team Lead | D82: 58319.3 | E82: =D82*12 -> ₹699,831.60 | F82: =IF(E82<=250000,0,IF(E82<=500000,5%,IF(E82<=1000000,20%,30%))) -> 20.0% | G82: =E82*F82 -> ₹139,966.32 | H82: =G82/12 -> ₹11,663.86 | I82: =46833.91-H82 -> ₹35,170.05
A83: EMP0074 | B83: IT | C83: Sr. Manager | D83: 106317.96 | E83: =D83*12 -> ₹1,275,815.52 | F83: =IF(E83<=250000,0,IF(E83<=500000,5%,IF(E83<=1000000,20%,30%))) -> 30.0% | G83: =E83*F83 -> ₹382,744.66 | H83: =G83/12 -> ₹31,895.39 | I83: =86514.39-H83 -> ₹54,619.00
A84: EMP0075 | B84: HR | C84: Associate | D84: 32879.35 | E84: =D84*12 -> ₹394,552.20 | F84: =IF(E84<=250000,0,IF(E84<=500000,5%,IF(E84<=1000000,20%,30%))) -> 5.0% | G84: =E84*F84 -> ₹19,727.61 | H84: =G84/12 -> ₹1,643.97 | I84: =28644.29-H84 -> ₹27,000.32
A85: EMP0076 | B85: HR | C85: Associate | D85: 30525.34 | E85: =D85*12 -> ₹366,304.08 | F85: =IF(E85<=250000,0,IF(E85<=500000,5%,IF(E85<=1000000,20%,30%))) -> 5.0% | G85: =E85*F85 -> ₹18,315.20 | H85: =G85/12 -> ₹1,526.27 | I85: =25265.24-H85 -> ₹23,738.97
A86: EMP0077 | B86: Operations | C86: Manager | D86: 69676.14 | E86: =D86*12 -> ₹836,113.68 | F86: =IF(E86<=250000,0,IF(E86<=500000,5%,IF(E86<=1000000,20%,30%))) -> 20.0% | G86: =E86*F86 -> ₹167,222.74 | H86: =G86/12 -> ₹13,935.23 | I86: =66991.38-H86 -> ₹53,056.15
A87: EMP0078 | B87: Sales | C87: Team Lead | D87: 52014.19 | E87: =D87*12 -> ₹624,170.28 | F87: =IF(E87<=250000,0,IF(E87<=500000,5%,IF(E87<=1000000,20%,30%))) -> 20.0% | G87: =E87*F87 -> ₹124,834.06 | H87: =G87/12 -> ₹10,402.84 | I87: =46356.62-H87 -> ₹35,953.78
A88: EMP0079 | B88: Sales | C88: Sr. Manager | D88: 113172.26 | E88: =D88*12 -> ₹1,358,067.12 | F88: =IF(E88<=250000,0,IF(E88<=500000,5%,IF(E88<=1000000,20%,30%))) -> 30.0% | G88: =E88*F88 -> ₹407,420.14 | H88: =G88/12 -> ₹33,951.68 | I88: =111441.74-H88 -> ₹77,490.06
A89: EMP0080 | B89: IT | C89: Manager | D89: 74436.1 | E89: =D89*12 -> ₹893,233.20 | F89: =IF(E89<=250000,0,IF(E89<=500000,5%,IF(E89<=1000000,20%,30%))) -> 20.0% | G89: =E89*F89 -> ₹178,646.64 | H89: =G89/12 -> ₹14,887.22 | I89: =63499.33-H89 -> ₹48,612.11
A90: EMP0081 | B90: Operations | C90: Analyst | D90: 43235.58 | E90: =D90*12 -> ₹518,826.96 | F90: =IF(E90<=250000,0,IF(E90<=500000,5%,IF(E90<=1000000,20%,30%))) -> 20.0% | G90: =E90*F90 -> ₹103,765.39 | H90: =G90/12 -> ₹8,647.12 | I90: =36611.63-H90 -> ₹27,964.51
A91: EMP0082 | B91: Finance | C91: Executive | D91: 38243.37 | E91: =D91*12 -> ₹458,920.44 | F91: =IF(E91<=250000,0,IF(E91<=500000,5%,IF(E91<=1000000,20%,30%))) -> 5.0% | G91: =E91*F91 -> ₹22,946.02 | H91: =G91/12 -> ₹1,912.17 | I91: =33021.26-H91 -> ₹31,109.09
A92: EMP0083 | B92: Operations | C92: Manager | D92: 71067.31 | E92: =D92*12 -> ₹852,807.72 | F92: =IF(E92<=250000,0,IF(E92<=500000,5%,IF(E92<=1000000,20%,30%))) -> 20.0% | G92: =E92*F92 -> ₹170,561.54 | H92: =G92/12 -> ₹14,213.46 | I92: =71061.17-H92 -> ₹56,847.71
A93: EMP0084 | B93: Finance | C93: Team Lead | D93: 65382.17 | E93: =D93*12 -> ₹784,586.04 | F93: =IF(E93<=250000,0,IF(E93<=500000,5%,IF(E93<=1000000,20%,30%))) -> 20.0% | G93: =E93*F93 -> ₹156,917.21 | H93: =G93/12 -> ₹13,076.43 | I93: =60935.07-H93 -> ₹47,858.64
A94: EMP0085 | B94: Marketing | C94: Sr. Manager | D94: 98400.36 | E94: =D94*12 -> ₹1,180,804.32 | F94: =IF(E94<=250000,0,IF(E94<=500000,5%,IF(E94<=1000000,20%,30%))) -> 30.0% | G94: =E94*F94 -> ₹354,241.30 | H94: =G94/12 -> ₹29,520.11 | I94: =79325.18-H94 -> ₹49,805.07
A95: EMP0086 | B95: Finance | C95: Sr. Manager | D95: 94294.24 | E95: =D95*12 -> ₹1,131,530.88 | F95: =IF(E95<=250000,0,IF(E95<=500000,5%,IF(E95<=1000000,20%,30%))) -> 30.0% | G95: =E95*F95 -> ₹339,459.26 | H95: =G95/12 -> ₹28,288.27 | I95: =81533.26-H95 -> ₹53,244.99
A96: EMP0087 | B96: HR | C96: Director | D96: 167391.11 | E96: =D96*12 -> ₹2,008,693.32 | F96: =IF(E96<=250000,0,IF(E96<=500000,5%,IF(E96<=1000000,20%,30%))) -> 30.0% | G96: =E96*F96 -> ₹602,608.00 | H96: =G96/12 -> ₹50,217.33 | I96: =155818.18-H96 -> ₹105,600.85
A97: EMP0088 | B97: Finance | C97: Associate | D97: 27440.21 | E97: =D97*12 -> ₹329,282.52 | F97: =IF(E97<=250000,0,IF(E97<=500000,5%,IF(E97<=1000000,20%,30%))) -> 5.0% | G97: =E97*F97 -> ₹16,464.13 | H97: =G97/12 -> ₹1,372.01 | I97: =24078.31-H97 -> ₹22,706.30
A98: EMP0089 | B98: Marketing | C98: Team Lead | D98: 67085.74 | E98: =D98*12 -> ₹805,028.88 | F98: =IF(E98<=250000,0,IF(E98<=500000,5%,IF(E98<=1000000,20%,30%))) -> 20.0% | G98: =E98*F98 -> ₹161,005.78 | H98: =G98/12 -> ₹13,417.15 | I98: =56869.59-H98 -> ₹43,452.44
A99: EMP0090 | B99: Marketing | C99: Team Lead | D99: 54981.11 | E99: =D99*12 -> ₹659,773.32 | F99: =IF(E99<=250000,0,IF(E99<=500000,5%,IF(E99<=1000000,20%,30%))) -> 20.0% | G99: =E99*F99 -> ₹131,954.66 | H99: =G99/12 -> ₹10,996.22 | I99: =54917.21-H99 -> ₹43,920.99
A100: EMP0091 | B100: Customer Support | C100: Team Lead | D100: 55604.4 | E100: =D100*12 -> ₹667,252.80 | F100: =IF(E100<=250000,0,IF(E100<=500000,5%,IF(E100<=1000000,20%,30%))) -> 20.0% | G100: =E100*F100 -> ₹133,450.56 | H100: =G100/12 -> ₹11,120.88 | I100: =47657.69-H100 -> ₹36,536.81
A101: EMP0092 | B101: HR | C101: Manager | D101: 72727.32 | E101: =D101*12 -> ₹872,727.84 | F101: =IF(E101<=250000,0,IF(E101<=500000,5%,IF(E101<=1000000,20%,30%))) -> 20.0% | G101: =E101*F101 -> ₹174,545.57 | H101: =G101/12 -> ₹14,545.46 | I101: =65950.84-H101 -> ₹51,405.38
A102: EMP0093 | B102: Sales | C102: Manager | D102: 89093.42 | E102: =D102*12 -> ₹1,069,121.04 | F102: =IF(E102<=250000,0,IF(E102<=500000,5%,IF(E102<=1000000,20%,30%))) -> 30.0% | G102: =E102*F102 -> ₹320,736.31 | H102: =G102/12 -> ₹26,728.03 | I102: =71199.79-H102 -> ₹44,471.76
...

Sheet Department_Analysis
A1: Department Analysis
A2: Summary built from the cleaned payroll model.
A4: Department | B4: Employees | C4: Avg Basic | D4: Avg Allowances | E4: Avg Deductions | F4: Avg Gross | G4: Avg Net | H4: Total Payroll
A5: HR | B5: 653 | C5: 72382.029 | D5: 24448.517 | E5: 14750.194 | F5: 116727.81 | G5: 101977.62 | H5: 66591386
A6: Finance | B6: 697 | C6: 71687.879 | D6: 24794.31 | E6: 14499.97 | F6: 116334.54 | G6: 101834.57 | H6: 70978696
A7: IT | B7: 641 | C7: 72235.396 | D7: 24622.536 | E7: 14813.525 | F7: 116590.6 | G7: 101777.07 | H7: 65239102
A8: Operations | B8: 694 | C8: 72064.628 | D8: 24186.992 | E8: 14727.327 | F8: 116289.94 | G8: 101562.61 | H8: 70484451
A9: Customer Support | B9: 619 | C9: 71905.381 | D9: 24401.45 | E9: 14590.705 | F9: 116097.89 | G9: 101507.18 | H9: 62832946
A10: Sales | B10: 695 | C10: 71815.976 | D10: 24274.673 | E10: 14369.838 | F10: 115486.4 | G10: 101116.56 | H10: 70276008
A11: Marketing | B11: 745 | C11: 71053.548 | D11: 23736.285 | E11: 14274.261 | F11: 113708.12 | G11: 99433.858 | H11: 74078224

Sheet Designation_Analysis
A1: Designation Analysis
A2: Summary built from the cleaned payroll model.
A4: Designation | B4: Employees | C4: Avg Basic | D4: Avg Allowances | E4: Avg Deductions | F4: Avg Gross | G4: Avg Net | H4: Total Payroll
A5: Director | B5: 755 | C5: 83908.05 | D5: 27876.652 | E5: 16225.979 | F5: 132381.4 | G5: 116155.42 | H5: 87697340
A6: Sr. Manager | B6: 656 | C6: 76150.565 | D6: 25753.006 | E6: 15411.189 | F6: 121892.47 | G6: 106481.28 | H6: 69851718
A7: Manager | B7: 672 | C7: 72677.061 | D7: 24352.125 | E7: 14539.658 | F7: 116775.26 | G7: 102235.6 | H7: 68702325
A8: Team Lead | B8: 645 | C8: 69564.474 | D8: 23805.34 | E8: 14344.025 | F8: 112862.72 | G8: 98518.691 | H8: 63544556
A9: Analyst | B9: 675 | C9: 66947.247 | D9: 22978.313 | E9: 13916.527 | F9: 108910.74 | G9: 94994.21 | H9: 64121092
A10: Associate | B10: 706 | C10: 66676.444 | D10: 22560.622 | E10: 13662.104 | F10: 108430.38 | G10: 94768.28 | H10: 66906405
A11: Executive | B11: 635 | C11: 65555.44 | D11: 22639.661 | E11: 13678.108 | F11: 107626.73 | G11: 93948.623 | H11: 59657375

Sheet Monthly_Analysis_Final
A1: Monthly Analysis
A2: Monthly trend summary built from the cleaned payroll model.
A4: Pay Month | B4: Employees | C4: Total Gross | D4: Total Net | E4: Avg Net | F4: Avg Deductions
A5: 45658 | B5: 362 | C5: 41467577 | D5: 36316254 | E5: 100321.14 | F5: 14230.174
A6: 45689 | B6: 356 | C6: 41628106 | D6: 36443659 | E6: 102369.83 | F6: 14563.052
A7: 45717 | B7: 351 | C7: 40382553 | D7: 35235383 | E7: 100385.71 | F7: 14664.302
A8: 45748 | B8: 384 | C8: 44692275 | D8: 39000140 | E8: 101562.86 | F8: 14823.27
A9: 45778 | B9: 476 | C9: 54261701 | D9: 47318553 | E9: 99408.724 | F9: 14586.446
A10: 45809 | B10: 418 | C10: 48758640 | D10: 42660956 | E10: 102059.7 | F10: 14587.762
A11: 45839 | B11: 364 | C11: 42523040 | D11: 37107119 | E11: 101942.64 | F11: 14878.904
A12: 45870 | B12: 394 | C12: 45479710 | D12: 39987711 | E12: 101491.65 | F12: 13939.084
A13: 45901 | B13: 389 | C13: 44284877 | D13: 38589940 | E13: 99202.931 | F13: 14639.94
A14: 45931 | B14: 381 | C14: 44632023 | D14: 39010105 | E14: 102388.73 | F14: 14755.69
A15: 45962 | B15: 463 | C15: 54726487 | D15: 47987461 | E15: 103644.62 | F15: 14555.131
A16: 45992 | B16: 406 | C16: 46751424 | D16: 40823532 | E16: 100550.57 | F16: 14600.718

Sheet Dashboard_Helper
A1: Department | B1: Designation | C1: Pay Month | D1: Employee ID | E1: Basic Pay | F1: Allowances | G1: Overtime Amount | H1: Deductions | I1: Gross Salary | J1: Net Salary | L1: Departments | M1: Designations | N1: Months
A2: Sales | B2: Associate | C2: Dec-25 | D2: EMP0001 | E2: 18180.08 | F2: 5454.02 | G2: 1000.01 | H2: 1217.4 | I2: 24634.11 | J2: 23416.71 | L2: All | M2: All | N2: All
A3: HR | B3: Sr. Manager | C3: Jan-25 | D3: EMP0002 | E3: 84257.36 | F3: 25277.21 | G3: 9190.23 | H3: 14926 | I3: 118724.8 | J3: 103798.8 | L3: Customer Support | M3: Analyst | N3: Jan-25
A4: HR | B4: Associate | C4: Apr-25 | D4: EMP0003 | E4: 19574.19 | F4: 5872.26 | G4: 1978.38 | H4: 155.83 | I4: 27424.83 | J4: 27269 | L4: Finance | M4: Associate | N4: Feb-25
A5: Sales | B5: Sr. Manager | C5: May-25 | D5: EMP0004 | E5: 83234.45 | F5: 24970.33 | G5: 6983.7 | H5: 11216.9 | I5: 115188.48 | J5: 103971.58 | L5: HR | M5: Director | N5: Mar-25
A6: Customer Support | B6: Director | C6: Jun-25 | D6: EMP0005 | E6: 90233.96 | F6: 27070.19 | G6: 14542.45 | H6: 18898.76 | I6: 131846.6 | J6: 112947.84 | L6: IT | M6: Executive | N6: Apr-25
A7: IT | B7: Executive | C7: Jul-25 | D7: EMP0006 | E7: 23894.76 | F7: 7168.43 | G7: 3648.7 | H7: 732.69 | I7: 34711.89 | J7: 33979.2 | L7: Marketing | M7: Manager | N7: May-25
A8: HR | B8: Analyst | C8: Dec-25 | D8: EMP0007 | E8: 33474.94 | F8: 10042.48 | G8: 4041.94 | H8: 8105.57 | I8: 47559.36 | J8: 39453.79 | L8: Operations | M8: Sr. Manager | N8: Jun-25
A9: Marketing | B9: Manager | C9: May-25 | D9: EMP0008 | E9: 47246.87 | F9: 14174.06 | G9: 8715.11 | H9: 1116.92 | I9: 70136.04 | J9: 69019.12 | L9: Sales | M9: Team Lead | N9: Jul-25
A10: Customer Support | B10: Sr. Manager | C10: Dec-25 | D10: EMP0009 | E10: 81081.51 | F10: 24324.45 | G10: 13973.7 | H10: 14043.78 | I10: 119379.66 | J10: 105335.88 | N10: Aug-25
A11: HR | B11: Associate | C11: Apr-25 | D11: EMP0010 | E11: 22761.1 | F11: 6828.33 | G11: 3519.18 | H11: 6727.42 | I11: 33108.61 | J11: 26381.19 | N11: Sep-25
A12: Customer Support | B12: Associate | C12: Mar-25 | D12: EMP0011 | E12: 20736.91 | F12: 6221.07 | G12: 1880.47 | H12: 5189.06 | I12: 28838.45 | J12: 23649.39 | N12: Oct-25
A13: IT | B13: Analyst | C13: Nov-25 | D13: EMP0012 | E13: 27095.07 | F13: 8128.52 | G13: 1446.76 | H13: 7613.62 | I13: 36670.35 | J13: 29056.73 | N13: Nov-25
A14: HR | B14: Manager | C14: Aug-25 | D14: EMP0013 | E14: 56429.61 | F14: 16928.88 | G14: 6028.26 | H14: 4144.38 | I14: 79386.75 | J14: 75242.37 | N14: Dec-25
A15: Marketing | B15: Analyst | C15: Nov-25 | D15: EMP0014 | E15: 34895.23 | F15: 10468.57 | G15: 4466.59 | H15: 5830.47 | I15: 49830.39 | J15: 43999.92
A16: IT | B16: Director | C16: Jun-25 | D16: EMP0015 | E16: 117659.29 | F16: 35297.79 | G16: 1316.32 | H16: 29007.81 | I16: 154273.4 | J16: 125265.59
A17: Marketing | B17: Analyst | C17: Dec-25 | D17: EMP0016 | E17: 25661.89 | F17: 7698.57 | G17: 4686.56 | H17: 4366.47 | I17: 38047.02 | J17: 33680.55
A18: IT | B18: Executive | C18: Aug-25 | D18: EMP0017 | E18: 27767.86 | F18: 8330.36 | G18: 2197.17 | H18: 7618.51 | I18: 38295.39 | J18: 30676.88
A19: Finance | B19: Analyst | C19: Dec-25 | D19: EMP0018 | E19: 26396.3 | F19: 7918.89 | G19: 3932.99 | H19: 4268.1 | I19: 38248.18 | J19: 33980.08
A20: Operations | B20: Team Lead | C20: Mar-25 | D20: EMP0019 | E20: 47569.52 | F20: 14270.86 | G20: 3799.86 | H20: 3129.89 | I20: 65640.24 | J20: 62510.35
A21: Operations | B21: Team Lead | C21: Nov-25 | D21: EMP0020 | E21: 36272.73 | F21: 10881.82 | G21: 341.81 | H21: 1193.18 | I21: 47496.36 | J21: 46303.18
A22: Finance | B22: Director | C22: Oct-25 | D22: EMP0021 | E22: 114497.32 | F22: 34349.2 | G22: 13657.45 | H22: 13216.45 | I22: 162503.97 | J22: 149287.52
A23: Marketing | B23: Manager | C23: Nov-25 | D23: EMP0022 | E23: 49525.45 | F23: 14857.63 | G23: 5479.75 | H23: 14002.29 | I23: 69862.83 | J23: 55860.54
A24: Sales | B24: Associate | C24: Nov-25 | D24: EMP0023 | E24: 22908.31 | F24: 6872.49 | G24: 2460.22 | H24: 14327.383 | I24: 32241.02 | J24: 17913.64
A25: IT | B25: Associate | C25: Jan-25 | D25: EMP0024 | E25: 20113.2 | F25: 6033.96 | G25: 636.21 | H25: 19.58 | I25: 26783.37 | J25: 26763.79
A26: Sales | B26: Analyst | C26: Feb-25 | D26: EMP0025 | E26: 34718.88 | F26: 10415.66 | G26: 5290.89 | H26: 5287.84 | I26: 50425.43 | J26: 45137.59
... A4745: HR | B4745: Analyst | C4745: Feb-25 | D4745: EMP5000 | E4745: 62533.395 | F4745: 32778.192 | G4745: 38571.273 | H4745: 20834.364 | I4745: 133882.86 | J4745: 113048.5

Sheet DASHBOARD
A1: PAYROLL INSIGHTS DASHBOARD
B7: =+COUNTA(Clean_Data!A:A) -> 4745 | E7: =+SUM(Clean_Data!I:I) -> 480,475,875.00 | H7: =+SUM(Clean_Data!H:H) -> 549,585,043.00 | L7: =+SUM(Clean_Data!G:G) -> 69,109,132.67 | O7: =+AVERAGE(Clean_Data!H:H) -> 115,848.45
B11: TOTAL EMPLOYEES | E11: Total Net Salary | H11: TOTAL GROSS SALARY | L11: TOTAL DEDUCTIONS | O11: AVERAGE SALARY
B16: Monthly payroll Trend
B47: Department-wise Net Salary | K47: Designation-wise Net Salary | S47: Select Department
D80: Salary Component Breakdown. | N80: Designation Summary | S80: Department Summary
N84: Select Department | O84: (Multiple Items) | S84: Destination | T84: (Multiple Items)
N86: Designation | O86: Sum of Net Salary | P86: Sum of Gross Salary | S86: Row Labels | T86: Sum of Net Salary | U86: Sum of Gross Salary
N87: Manager | O87: 22055584 | P87: 25126819 | S87: Finance | T87: 14536604 | U87: 16636848
N88: Grand Total | O88: 22055584 | P88: 25126819 | S88: HR | T88: 11697543 | U88: 13370801
S89: Grand Total | T89: 26234147 | U89: 30007649
N97: Monthly Salary Summary | R97: Salary Component Breakdown.Summary
N100: Department | O100: (Multiple Items) | R100: Designation | S100: (Multiple Items)
N101: Designation | O101: Associate | R101: Department | S101: (Multiple Items)
N103: Row Labels | O103: Sum of Net Salary | P103: Sum of Gross Salary | R103: Row Labels | S103: Sum of Basic Pay | T103: Sum of Allowances | U103: Sum of Deductions
N104: 2025-01 | O104: 287952 | P104: 314443 | R104: 2025-04 | S104: 368532.41 | T104: 143489 | U104: 81253.565
N105: 2025-03 | O105: 102673 | P105: 117703 | R105: Grand Total | S105: 368532.41 | T105: 143489 | U105: 81253.565
N106: 2025-04 | O106: 302737 | P106: 345725
N107: 2025-05 | O107: 351208 | P107: 403735
N108: 2025-06 | O108: 480787 | P108: 552974
N109: 2025-07 | O109: 46205 | P109: 49901
N110: 2025-08 | O110: 352688 | P110: 399648
N111: 2025-09 | O111: 126315 | P111: 145415
N112: 2025-10 | O112: 548690 | P112: 613150
N113: 2025-11 | O113: 249337 | P113: 278667
N114: 2025-12 | O114: 430061 | P114: 493517
N115: Apr-2025 | O115: 1338946 | P115: 1542746
N116: Aug-2025 | O116: 1527727 | P116: 1733170
N117: Dec-2025 | O117: 2428994 | P117: 2774986
... N126: Sep-2025 | O126: 1211705 | P126: 1390971
N127: Formula1
N128: Grand Total | O128: 21977401 | P128: 25061982
